id,title,description,category,priority,status,source_section,verification_method,acceptance_criteria,dependencies,metadata
REQ_H16_001,be fully responsible for ensuring that the Deliverables and Services provided fully meet the specifi...,"be fully responsible for ensuring that the Deliverables and Services provided fully meet the specified requirements for the Contract.  Therefore, the Applicant shall duly analyse the SCK CEN’s Tender Documents and evaluate whether sufficient information is presented to allow the Applicant to put forward a proposal that ensures the delivery of the procured items meets the specified requirements.",General,Low,Draft,H16 - Introduction,Inspection,To be defined,[],"{'extracted_from': 'H16', 'extraction_method': 'pattern_matching', 'confidence': 0.8}"
REQ_H16_002,not give rise to any basis for a Variation.,not give rise to any basis for a Variation.,General,Low,Draft,H16 - Introduction,Inspection,To be defined,[],"{'extracted_from': 'H16', 'extraction_method': 'pattern_matching', 'confidence': 0.8}"
REQ_H16_003,explicitly list all additional requirements (beyond those specified by SCK CEN) which have been defi...,"explicitly list all additional requirements (beyond those specified by SCK CEN) which have been defined by the Applicant and which are assumed to be necessary for fulfilling the intended function, performance, or integration of the proposed solution.  All such assumptions and requirements shall be clearly identified, justified, and documented as part of the offer. These may be used as a basis for the system design and/or verification.",Performance,Low,Draft,H16 - Introduction,Inspection,To be defined,[],"{'extracted_from': 'H16', 'extraction_method': 'pattern_matching', 'confidence': 0.8}"
REQ_H16_004,clearly state this deviation in the offer.  The Applicant shall provide a clear description and just...,clearly state this deviation in the offer.  The Applicant shall provide a clear description and justification for the proposed alternative.,General,Low,Draft,H16 - Introduction,Inspection,To be defined,[],"{'extracted_from': 'H16', 'extraction_method': 'pattern_matching', 'confidence': 0.8}"
REQ_H16_005,be supported by an assessment of its advantages and drawbacks.  The Applicant shall submit a single ...,"be supported by an assessment of its advantages and drawbacks.  The Applicant shall submit a single offer, inclusive of all proposed modifications, representing the most optimal solution.  Multiple alternative offers shall not be permitted.",General,Low,Draft,H16 - Introduction,Inspection,To be defined,[],"{'extracted_from': 'H16', 'extraction_method': 'pattern_matching', 'confidence': 0.8}"
REQ_H16_006,"contain an overview of the main Contract activities.  For each activity, the Applicant shall detail ...","contain an overview of the main Contract activities.  For each activity, the Applicant shall detail how requirements will be met, the selected processes and techniques that shall be implemented, etc. Where applicable, the Applicant is to give at least the details as requested in the present document. If no detail level is defined in this document, the Applicant is to choose, based on its experience, the appropriate (level of) detail(s) to be provided in relation to the criticality and/or complexity of the activity.",General,High,Draft,H16 - Introduction,Inspection,To be defined,[],"{'extracted_from': 'H16', 'extraction_method': 'pattern_matching', 'confidence': 0.8}"
REQ_H16_007,be discussed between SCK CEN and the Applicant.  SCK CEN reserves the right to refuse any deviation ...,be discussed between SCK CEN and the Applicant.  SCK CEN reserves the right to refuse any deviation or modification at its sole discretion and without justification.  Only deviations and modifications with prior written approval from SCK CEN may be implemented.,General,Low,Draft,H16 - Introduction,Inspection,To be defined,[],"{'extracted_from': 'H16', 'extraction_method': 'pattern_matching', 'confidence': 0.8}"
REQ_H16_008,request this information from SCK CEN without undue delay (according to §1.6 of the Main Tender Docu...,"request this information from SCK CEN without undue delay (according to §1.6 of the Main Tender Document).  In accordance with §1.7 of the Main Tender Document, the Contractor may no longer rely on information lacking after submission of its offer.  If the Contractor identifies a lack of information during the performance of the Contract, this shall not give rise to any basis for a Variation.",Performance,Low,Draft,H16 - Introduction,Inspection,To be defined,[],"{'extracted_from': 'H16', 'extraction_method': 'pattern_matching', 'confidence': 0.8}"
REQ_H18_009,be capable to operate uninterrupted in 2K mode for at least 90 consecutive days,be capable to operate uninterrupted in 2K mode for at least 90 consecutive days,General,Low,Draft,H18 - Lifetime and annual maintenance schedule,Inspection,To be defined,[],"{'extracted_from': 'H18', 'extraction_method': 'pattern_matching', 'confidence': 0.8}"
REQ_H18_010,take into account the following constraints:,take into account the following constraints:,General,Low,Draft,H18 - Lifetime and annual maintenance schedule,Inspection,To be defined,[],"{'extracted_from': 'H18', 'extraction_method': 'pattern_matching', 'confidence': 0.8}"
REQ_H18_011,have a lifetime of at least 40 years,have a lifetime of at least 40 years,Performance,Low,Draft,H18 - Lifetime and annual maintenance schedule,Inspection,To be defined,[],"{'extracted_from': 'H18', 'extraction_method': 'pattern_matching', 'confidence': 0.8}"
REQ_H18_012,support ≥ 50 warm-up/cool-down cycles (300 K ↔ 2 K),support ≥ 50 warm-up/cool-down cycles (300 K ↔ 2 K),General,Low,Draft,H18 - Lifetime and annual maintenance schedule,Inspection,To be defined,[],"{'extracted_from': 'H18', 'extraction_method': 'pattern_matching', 'confidence': 0.8}"
REQ_H19_013,support the steady state operational scenarios defined in Table 2.,support the steady state operational scenarios defined in Table 2.,Functional,Low,Draft,H19 - Steady state operational scenarios,Inspection,To be defined,[],"{'extracted_from': 'H19', 'extraction_method': 'pattern_matching', 'confidence': 0.8}"
REQ_H20_014,support the scenario transitions given in Figure 6.,support the scenario transitions given in Figure 6.,General,Low,Draft,H20 - Transient operational scenarios,Inspection,To be defined,[],"{'extracted_from': 'H20', 'extraction_method': 'pattern_matching', 'confidence': 0.8}"
REQ_H20_015,execute the transition using the capacity defined by the steady state scenarios. No additional capac...,execute the transition using the capacity defined by the steady state scenarios. No additional capacity shall be added solely for acceleration of state transitions.,General,Low,Draft,H20 - Transient operational scenarios,Inspection,To be defined,[],"{'extracted_from': 'H20', 'extraction_method': 'pattern_matching', 'confidence': 0.8}"
REQ_H21_016,requirement on the user side,requirement on the user side,General,Low,Draft,H21 - Cool-down,Inspection,To be defined,[],"{'extracted_from': 'H21', 'extraction_method': 'pattern_matching', 'confidence': 0.8}"
REQ_H21_017,perform the cool-down of the QPLANT simultaneously with the cryogenic users (QCELL and QDIST (static...,perform the cool-down of the QPLANT simultaneously with the cryogenic users (QCELL and QDIST (static heat loads only).,General,Low,Draft,H21 - Cool-down,Inspection,To be defined,[],"{'extracted_from': 'H21', 'extraction_method': 'pattern_matching', 'confidence': 0.8}"
REQ_H21_018,"facilitate parallel cool down/warm up of all QCELLs.  During cooldown and warm-up, cryomodules impos...","facilitate parallel cool down/warm up of all QCELLs.  During cooldown and warm-up, cryomodules impose constraints:",General,Low,Draft,H21 - Cool-down,Inspection,To be defined,[],"{'extracted_from': 'H21', 'extraction_method': 'pattern_matching', 'confidence': 0.8}"
REQ_H21_019,facilitate an alternative cooldown in which only  the thermal-shield (TS) circuit is cooled until th...,facilitate an alternative cooldown in which only  the thermal-shield (TS) circuit is cooled until their average temperature reaches 50 K. Subsequently the headers A–B and D–E  are simultaneous cooled down,General,Low,Draft,H21 - Cool-down,Inspection,To be defined,[],"{'extracted_from': 'H21', 'extraction_method': 'pattern_matching', 'confidence': 0.8}"
REQ_H21_020,reach T < 70 K before cavities reach T < 10 K.,reach T < 70 K before cavities reach T < 10 K.,General,Low,Draft,H21 - Cool-down,Inspection,To be defined,[],"{'extracted_from': 'H21', 'extraction_method': 'pattern_matching', 'confidence': 0.8}"
REQ_H22_021,facilitate the warm-up of the cryogenic users from 2 K to 300 K in less than 5 days.,facilitate the warm-up of the cryogenic users from 2 K to 300 K in less than 5 days.,General,Low,Draft,H22 - Warm-Up,Inspection,To be defined,[],"{'extracted_from': 'H22', 'extraction_method': 'pattern_matching', 'confidence': 0.8}"
REQ_H22_022,"support the transition shown in Figure 6 for the warming-up of the cryogenic users, whether passivel...","support the transition shown in Figure 6 for the warming-up of the cryogenic users, whether passively or actively (with QCELL heaters if available):",General,Low,Draft,H22 - Warm-Up,Inspection,To be defined,[],"{'extracted_from': 'H22', 'extraction_method': 'pattern_matching', 'confidence': 0.8}"
REQ_H22_023,indicate and motivate the expected duration of each main phase of the warm-up process.,indicate and motivate the expected duration of each main phase of the warm-up process.,General,Low,Draft,H22 - Warm-Up,Inspection,To be defined,[],"{'extracted_from': 'H22', 'extraction_method': 'pattern_matching', 'confidence': 0.8}"
REQ_H24_024,"provide a detailed step-by-step procedure, including instrumentation checks, purge-gas quality requi...","provide a detailed step-by-step procedure, including instrumentation checks, purge-gas quality requirements, vent routing, and acceptance criteria for oxygen-free readiness.",General,Low,Draft,H24 - Purging and Conditioning,Inspection,To be defined,[],"{'extracted_from': 'H24', 'extraction_method': 'pattern_matching', 'confidence': 0.8}"
REQ_H24_025,"adhere to the purge-parameter table (pressure, flow-rate, duration, allowable residual O₂) provided ...","adhere to the purge-parameter table (pressure, flow-rate, duration, allowable residual O₂) provided by SCK CEN during contract execution.",General,Low,Draft,H24 - Purging and Conditioning,Inspection,To be defined,[],"{'extracted_from': 'H24', 'extraction_method': 'pattern_matching', 'confidence': 0.8}"
REQ_H24_026,facilitate an average retention rate of 0.8 g/s LHe per individual QCELL (24 g/s total) during the f...,facilitate an average retention rate of 0.8 g/s LHe per individual QCELL (24 g/s total) during the filling process.,General,Low,Draft,H24 - Purging and Conditioning,Inspection,To be defined,[],"{'extracted_from': 'H24', 'extraction_method': 'pattern_matching', 'confidence': 0.8}"
REQ_H24_027,provide 2 900 L of LHe to the users.,provide 2 900 L of LHe to the users.,General,Low,Draft,H24 - Purging and Conditioning,Inspection,To be defined,[],"{'extracted_from': 'H24', 'extraction_method': 'pattern_matching', 'confidence': 0.8}"
REQ_H24_028,assume that LHe filling and emptying occurs when cryogenic users are at 4.5 K and header A condition...,assume that LHe filling and emptying occurs when cryogenic users are at 4.5 K and header A conditions are met before JT expansion (as per QRB-A interface conditions during normal operation),Interface,Low,Draft,H24 - Purging and Conditioning,Inspection,To be defined,[],"{'extracted_from': 'H24', 'extraction_method': 'pattern_matching', 'confidence': 0.8}"
REQ_H24_029,facilitate the following two evaporation possibilities:,facilitate the following two evaporation possibilities:,General,Low,Draft,H24 - Purging and Conditioning,Inspection,To be defined,[],"{'extracted_from': 'H24', 'extraction_method': 'pattern_matching', 'confidence': 0.8}"
REQ_H24_030,be considered both as part of the full warm-up sequence (2 K → 300 K) and as a stand-alone transitio...,be considered both as part of the full warm-up sequence (2 K → 300 K) and as a stand-alone transitional operation (for example: 2 K Standby → 4.5 K Standby → 4.5 K Empty → 4.5 K Standby) to permit short maintenance windows. See Figure 5 for the state-transition diagram.,Functional,Low,Draft,H24 - Purging and Conditioning,Inspection,To be defined,[],"{'extracted_from': 'H24', 'extraction_method': 'pattern_matching', 'confidence': 0.8}"
REQ_H25_031,be sized for the following two Design Points:,be sized for the following two Design Points:,General,Low,Draft,H25 - Performance Requirements,Inspection,To be defined,[],"{'extracted_from': 'H25', 'extraction_method': 'pattern_matching', 'confidence': 0.8}"
REQ_H25_032,be designed for the heat loads defined in Table 3.,be designed for the heat loads defined in Table 3.,General,Low,Draft,H25 - Performance Requirements,Inspection,To be defined,[],"{'extracted_from': 'H25', 'extraction_method': 'pattern_matching', 'confidence': 0.8}"
REQ_H25_033,"support the fluid conditions at the QRB interface for HP-A, VLP-B and CPLR-W listed in Table 4.","support the fluid conditions at the QRB interface for HP-A, VLP-B and CPLR-W listed in Table 4.",Interface,Low,Draft,H25 - Performance Requirements,Inspection,To be defined,[],"{'extracted_from': 'H25', 'extraction_method': 'pattern_matching', 'confidence': 0.8}"
REQ_H25_034,"optimize the mass flow, temperatures, and pressures to improve the overall efficiency or capital inv...","optimize the mass flow, temperatures, and pressures to improve the overall efficiency or capital investment. The respective values listed in in Table 4 are the only indicative values.",Interface,Low,Draft,H25 - Performance Requirements,Inspection,To be defined,[],"{'extracted_from': 'H25', 'extraction_method': 'pattern_matching', 'confidence': 0.8}"
REQ_H25_035,"indicate the mass flow, temperatures, and pressures of the Thermal Shield circuits.","indicate the mass flow, temperatures, and pressures of the Thermal Shield circuits.",General,Low,Draft,H25 - Performance Requirements,Inspection,To be defined,[],"{'extracted_from': 'H25', 'extraction_method': 'pattern_matching', 'confidence': 0.8}"
REQ_H26_036,apply proven processes and be based on industrially proven technologies.,apply proven processes and be based on industrially proven technologies.,General,Low,Draft,H26 - Reliability Requirements,Inspection,To be defined,[],"{'extracted_from': 'H26', 'extraction_method': 'pattern_matching', 'confidence': 0.8}"
REQ_H26_037,be higher than 5 years.,be higher than 5 years.,General,Low,Draft,H26 - Reliability Requirements,Inspection,To be defined,[],"{'extracted_from': 'H26', 'extraction_method': 'pattern_matching', 'confidence': 0.8}"
REQ_H26_038,be higher than 10 years.,be higher than 10 years.,General,Low,Draft,H26 - Reliability Requirements,Inspection,To be defined,[],"{'extracted_from': 'H26', 'extraction_method': 'pattern_matching', 'confidence': 0.8}"
REQ_H26_039,be higher than 15 years.,be higher than 15 years.,General,Low,Draft,H26 - Reliability Requirements,Inspection,To be defined,[],"{'extracted_from': 'H26', 'extraction_method': 'pattern_matching', 'confidence': 0.8}"
REQ_H26_040,"provide a substantiated justification for the MTBF of the QPLANT, including but not limited to:","provide a substantiated justification for the MTBF of the QPLANT, including but not limited to:",General,Low,Draft,H26 - Reliability Requirements,Inspection,To be defined,[],"{'extracted_from': 'H26', 'extraction_method': 'pattern_matching', 'confidence': 0.8}"
REQ_H26_041,be provided for the LOOP and at least one other scenario (main interfacing valves of QRB and WCS),be provided for the LOOP and at least one other scenario (main interfacing valves of QRB and WCS),General,Low,Draft,H26 - Reliability Requirements,Inspection,To be defined,[],"{'extracted_from': 'H26', 'extraction_method': 'pattern_matching', 'confidence': 0.8}"
REQ_H26_042,submit the detailed MTBF calculation demonstrating the compliance of the detailed design with the MT...,"submit the detailed MTBF calculation demonstrating the compliance of the detailed design with the MTBF requirements to SCK CEN for review and subsequent approval. The Contractor shall substantiate the MTBF values by manufacturer data (OEM or COTS), field performance records, or predictive reliability models. The level of detail shall be proportionate to the component’s criticality in the overall system reliability and availability architecture.  The Contractor shall also provide a component-level (LRU) replacement schedule for the expected lifetime duration of at least 40 years, including MTBF data, estimated downtime impact, and cost per intervention.",Performance,High,Draft,H26 - Reliability Requirements,Review,To be defined,[],"{'extracted_from': 'H26', 'extraction_method': 'pattern_matching', 'confidence': 0.8}"
REQ_H27_043,describe and justify the system architecture and configuration and provide the key specifications of...,describe and justify the system architecture and configuration and provide the key specifications of the main components,General,Low,Draft,H27 - QPLANT Design & Construction Requirements,Inspection,To be defined,[],"{'extracted_from': 'H27', 'extraction_method': 'pattern_matching', 'confidence': 0.8}"
REQ_H28_044,be stated as absolute values in bar(a) or mbar(a),be stated as absolute values in bar(a) or mbar(a),General,Low,Draft,H28 - Units,Inspection,To be defined,[],"{'extracted_from': 'H28', 'extraction_method': 'pattern_matching', 'confidence': 0.8}"
REQ_H28_045,"follow the International System of Units (SI), with exception of flow in g/s (not kg/s)","follow the International System of Units (SI), with exception of flow in g/s (not kg/s)",General,Low,Draft,H28 - Units,Inspection,To be defined,[],"{'extracted_from': 'H28', 'extraction_method': 'pattern_matching', 'confidence': 0.8}"
REQ_H29_046,"deliver a detailed 3D CAD model of the QPLANT and associated components to ensure interoperability, ...","deliver a detailed 3D CAD model of the QPLANT and associated components to ensure interoperability, detailed design accuracy, and lifecycle integration:",Interface,Low,Draft,H29 - 3D Model,Inspection,To be defined,[],"{'extracted_from': 'H29', 'extraction_method': 'pattern_matching', 'confidence': 0.8}"
REQ_H29_047,submit a preliminary 3D model in the Concept Design phase.,submit a preliminary 3D model in the Concept Design phase.,General,Low,Draft,H29 - 3D Model,Inspection,To be defined,[],"{'extracted_from': 'H29', 'extraction_method': 'pattern_matching', 'confidence': 0.8}"
REQ_H29_048,be STEP AP242 format,be STEP AP242 format,General,Low,Draft,H29 - 3D Model,Inspection,To be defined,[],"{'extracted_from': 'H29', 'extraction_method': 'pattern_matching', 'confidence': 0.8}"
REQ_H29_049,be at least LOD 200.,be at least LOD 200.,General,Low,Draft,H29 - 3D Model,Inspection,To be defined,[],"{'extracted_from': 'H29', 'extraction_method': 'pattern_matching', 'confidence': 0.8}"
REQ_H29_050,include a first indication of the location of all external interfaces (to SCK CEN support systems an...,include a first indication of the location of all external interfaces (to SCK CEN support systems and infrastructure and QLM),Interface,Low,Draft,H29 - 3D Model,Inspection,To be defined,[],"{'extracted_from': 'H29', 'extraction_method': 'pattern_matching', 'confidence': 0.8}"
REQ_H29_051,submit an updated 3D model in the Final Design phase.,submit an updated 3D model in the Final Design phase.,General,Low,Draft,H29 - 3D Model,Inspection,To be defined,[],"{'extracted_from': 'H29', 'extraction_method': 'pattern_matching', 'confidence': 0.8}"
REQ_H29_052,be STEP AP242 format.,be STEP AP242 format.,General,Low,Draft,H29 - 3D Model,Inspection,To be defined,[],"{'extracted_from': 'H29', 'extraction_method': 'pattern_matching', 'confidence': 0.8}"
REQ_H29_053,"include metadata such as component IDs, geometric data, material properties, kinematic information, ...","include metadata such as component IDs, geometric data, material properties, kinematic information, assembly information.",General,Low,Draft,H29 - 3D Model,Inspection,To be defined,[],"{'extracted_from': 'H29', 'extraction_method': 'pattern_matching', 'confidence': 0.8}"
REQ_H29_054,be 400 (final installation-ready models).,be 400 (final installation-ready models).,General,Low,Draft,H29 - 3D Model,Inspection,To be defined,[],"{'extracted_from': 'H29', 'extraction_method': 'pattern_matching', 'confidence': 0.8}"
REQ_H29_055,include the terminal points to the SCK CEN provided site infrastructure and support systems (water c...,"include the terminal points to the SCK CEN provided site infrastructure and support systems (water cooling, MIT, ….).",General,Low,Draft,H29 - 3D Model,Inspection,To be defined,[],"{'extracted_from': 'H29', 'extraction_method': 'pattern_matching', 'confidence': 0.8}"
REQ_H29_056,submit an as built 3D model before the FAT.,submit an as built 3D model before the FAT.,General,Low,Draft,H29 - 3D Model,Inspection,To be defined,[],"{'extracted_from': 'H29', 'extraction_method': 'pattern_matching', 'confidence': 0.8}"
REQ_H29_057,present the tools that he shall implement to allow SCK CEN to review the models (SCK CEN internally ...,present the tools that he shall implement to allow SCK CEN to review the models (SCK CEN internally uses BIMS 360 and PTC CREO).,General,Low,Draft,H29 - 3D Model,Review,To be defined,[],"{'extracted_from': 'H29', 'extraction_method': 'pattern_matching', 'confidence': 0.8}"
REQ_H29_058,provide a preliminary model of the QPLANT with at least LOD 100 in STEP AP242 format.,provide a preliminary model of the QPLANT with at least LOD 100 in STEP AP242 format.,General,Low,Draft,H29 - 3D Model,Inspection,To be defined,[],"{'extracted_from': 'H29', 'extraction_method': 'pattern_matching', 'confidence': 0.8}"
REQ_H30_059,have a invCOP ≤ 380 W/W  at the Nominal Design Point.,have a invCOP ≤ 380 W/W  at the Nominal Design Point.,General,Low,Draft,H30 - Energy-efficiency,Inspection,To be defined,[],"{'extracted_from': 'H30', 'extraction_method': 'pattern_matching', 'confidence': 0.8}"
REQ_H30_060,"trigger contractual review, including performance non-conformity, penalties, or corrective actions.","trigger contractual review, including performance non-conformity, penalties, or corrective actions.",Performance,Low,Draft,H30 - Energy-efficiency,Review,To be defined,[],"{'extracted_from': 'H30', 'extraction_method': 'pattern_matching', 'confidence': 0.8}"
REQ_H30_061,"state and substantiate the invCOP for the all operational scenarios, both for initial (24 QCELLs) an...","state and substantiate the invCOP for the all operational scenarios, both for initial (24 QCELLs) and nominal design (30 QCELLs) configurations. Lower invCOP values are considered an advantage.",Functional,Low,Draft,H30 - Energy-efficiency,Inspection,To be defined,[],"{'extracted_from': 'H30', 'extraction_method': 'pattern_matching', 'confidence': 0.8}"
REQ_H30_062,validate compliance of the QPLANT to the invCOP that the Contractor committed to in their offer. The...,"validate compliance of the QPLANT to the invCOP that the Contractor committed to in their offer. The Contractor shall apply mutually agreed calorimetric, flow-based, or standardized test methods (e.g., ISO 5167, EN 13445).",General,Low,Draft,H30 - Energy-efficiency,Testing,To be defined,[],"{'extracted_from': 'H30', 'extraction_method': 'pattern_matching', 'confidence': 0.8}"
REQ_H30_063,"include the electrical power measurement method they will apply within the QPLANT, specifying the le...","include the electrical power measurement method they will apply within the QPLANT, specifying the level of integration (e.g., total plant consumption including auxiliaries, compressors, control systems) and the measurement uncertainty.",Interface,Low,Draft,H30 - Energy-efficiency,Inspection,To be defined,[],"{'extracted_from': 'H30', 'extraction_method': 'pattern_matching', 'confidence': 0.8}"
REQ_H30_064,"specify the corresponding reciprocal measurement methodology expected to be applied by SCK CEN, to v...","specify the corresponding reciprocal measurement methodology expected to be applied by SCK CEN, to validate claimed energy figures",General,Low,Draft,H30 - Energy-efficiency,Inspection,To be defined,[],"{'extracted_from': 'H30', 'extraction_method': 'pattern_matching', 'confidence': 0.8}"
REQ_H32_065,be delivered with traceable certificates.,be delivered with traceable certificates.,General,Low,Draft,H32 - Material Requirements,Inspection,To be defined,[],"{'extracted_from': 'H32', 'extraction_method': 'pattern_matching', 'confidence': 0.8}"
REQ_H32_066,follow the specifications in AD 4.,follow the specifications in AD 4.,General,Low,Draft,H32 - Material Requirements,Inspection,To be defined,[],"{'extracted_from': 'H32', 'extraction_method': 'pattern_matching', 'confidence': 0.8}"
REQ_H33_067,"be avoided through proper piping design.  If unavoidable, the Contractor shall seek SCK CEN approval...","be avoided through proper piping design.  If unavoidable, the Contractor shall seek SCK CEN approval for the location and type of bellows.",General,Low,Draft,H33 - Bellows,Inspection,To be defined,[],"{'extracted_from': 'H33', 'extraction_method': 'pattern_matching', 'confidence': 0.8}"
REQ_H33_068,include a preliminary list of unavoidable bellows (if any).,include a preliminary list of unavoidable bellows (if any).,General,Low,Draft,H33 - Bellows,Inspection,To be defined,[],"{'extracted_from': 'H33', 'extraction_method': 'pattern_matching', 'confidence': 0.8}"
REQ_H34_069,"be subject to approval by SCK CEN.  At ambient temperature, metal and Viton O-rings are allowed.","be subject to approval by SCK CEN.  At ambient temperature, metal and Viton O-rings are allowed.",General,Low,Draft,H34 - Joints and seals,Inspection,To be defined,[],"{'extracted_from': 'H34', 'extraction_method': 'pattern_matching', 'confidence': 0.8}"
REQ_H35_070,"be of the extended-spindle type, sealing by metallic bellows.","be of the extended-spindle type, sealing by metallic bellows.",General,Low,Draft,H35 - Valve requirements,Inspection,To be defined,[],"{'extracted_from': 'H35', 'extraction_method': 'pattern_matching', 'confidence': 0.8}"
REQ_H35_071,follow AD 9.,follow AD 9.,General,Low,Draft,H35 - Valve requirements,Inspection,To be defined,[],"{'extracted_from': 'H35', 'extraction_method': 'pattern_matching', 'confidence': 0.8}"
REQ_H35_072,"be employed for nominal sizes up to and including DN100, unless otherwise justified by process or sa...","be employed for nominal sizes up to and including DN100, unless otherwise justified by process or safety requirements.",General,Low,Draft,H35 - Valve requirements,Inspection,To be defined,[],"{'extracted_from': 'H35', 'extraction_method': 'pattern_matching', 'confidence': 0.8}"
REQ_H35_073,"be employed for nominal sizes above DN100, except where specific process conditions (such as full ti...","be employed for nominal sizes above DN100, except where specific process conditions (such as full tightness at cryogenic temperature, or throttling requirements) necessitate alternative selection.",General,Low,Draft,H35 - Valve requirements,Inspection,To be defined,[],"{'extracted_from': 'H35', 'extraction_method': 'pattern_matching', 'confidence': 0.8}"
REQ_H35_074,"be compatible with helium at all specified temperatures, including resistance to embrittlement, perm...","be compatible with helium at all specified temperatures, including resistance to embrittlement, permeation, and thermal contraction.",General,Low,Draft,H35 - Valve requirements,Inspection,To be defined,[],"{'extracted_from': 'H35', 'extraction_method': 'pattern_matching', 'confidence': 0.8}"
REQ_H35_075,submit documentation of type testing or qualification records demonstrating suitability for helium a...,"submit documentation of type testing or qualification records demonstrating suitability for helium and cryogenic operation, in accordance with EN 1626, EN 12516-1/2 as part of the conceptual design file in L1",Functional,Low,Draft,H35 - Valve requirements,Testing,To be defined,[],"{'extracted_from': 'H35', 'extraction_method': 'pattern_matching', 'confidence': 0.8}"
REQ_H35_076,be equipped with,be equipped with,General,Low,Draft,H35 - Valve requirements,Inspection,To be defined,[],"{'extracted_from': 'H35', 'extraction_method': 'pattern_matching', 'confidence': 0.8}"
REQ_H35_077,be continuously monitored by the QPLANT:CIS.,be continuously monitored by the QPLANT:CIS.,General,Low,Draft,H35 - Valve requirements,Inspection,To be defined,[],"{'extracted_from': 'H35', 'extraction_method': 'pattern_matching', 'confidence': 0.8}"
REQ_H35_078,be equipped with two independent end-switches confirming their mechanical position (open/closed) dur...,be equipped with two independent end-switches confirming their mechanical position (open/closed) during operation.  The Contractor shall submit the list of such valves for SCK CEN approval during the detailed-design phase.,Functional,Low,Draft,H35 - Valve requirements,Inspection,To be defined,[],"{'extracted_from': 'H35', 'extraction_method': 'pattern_matching', 'confidence': 0.8}"
REQ_H36_079,be protected from air ingress by a helium guard filled with helium with a pressure higher than 1.05 ...,be protected from air ingress by a helium guard filled with helium with a pressure higher than 1.05 Bar(a).,General,Low,Draft,H36 - Helium guard,Inspection,To be defined,[],"{'extracted_from': 'H36', 'extraction_method': 'pattern_matching', 'confidence': 0.8}"
REQ_H36_080,equipped with a manual isolation valve to help locate leaks.,equipped with a manual isolation valve to help locate leaks.,General,Low,Draft,H36 - Helium guard,Inspection,To be defined,[],"{'extracted_from': 'H36', 'extraction_method': 'pattern_matching', 'confidence': 0.8}"
REQ_H36_081,be remotely monitored by a pressure transmitter which is connected to the QPLANT:CIS.,be remotely monitored by a pressure transmitter which is connected to the QPLANT:CIS.,General,Low,Draft,H36 - Helium guard,Inspection,To be defined,[],"{'extracted_from': 'H36', 'extraction_method': 'pattern_matching', 'confidence': 0.8}"
REQ_H36_082,be doubled. The space between the seals shall have a connection to the helium guard system.,be doubled. The space between the seals shall have a connection to the helium guard system.,General,Low,Draft,H36 - Helium guard,Inspection,To be defined,[],"{'extracted_from': 'H36', 'extraction_method': 'pattern_matching', 'confidence': 0.8}"
REQ_H37_083,be equipped with a dedicated vacuum pumping system.,be equipped with a dedicated vacuum pumping system.,General,Low,Draft,H37 - Insulation vacuum system of the QRB,Inspection,To be defined,[],"{'extracted_from': 'H37', 'extraction_method': 'pattern_matching', 'confidence': 0.8}"
REQ_H37_084,take less than one week.,take less than one week.,General,Low,Draft,H37 - Insulation vacuum system of the QRB,Inspection,To be defined,[],"{'extracted_from': 'H37', 'extraction_method': 'pattern_matching', 'confidence': 0.8}"
REQ_H37_085,be protected by a fast-acting isolation valve between the turbo pump and associated roughing pump.,be protected by a fast-acting isolation valve between the turbo pump and associated roughing pump.,General,Low,Draft,H37 - Insulation vacuum system of the QRB,Inspection,To be defined,[],"{'extracted_from': 'H37', 'extraction_method': 'pattern_matching', 'confidence': 0.8}"
REQ_H37_086,be provided between the Turbo- and associated roughing pump for connection of a leak detector.,be provided between the Turbo- and associated roughing pump for connection of a leak detector.,General,Low,Draft,H37 - Insulation vacuum system of the QRB,Inspection,To be defined,[],"{'extracted_from': 'H37', 'extraction_method': 'pattern_matching', 'confidence': 0.8}"
REQ_H37_087,be fully automated.,be fully automated.,General,Low,Draft,H37 - Insulation vacuum system of the QRB,Inspection,To be defined,[],"{'extracted_from': 'H37', 'extraction_method': 'pattern_matching', 'confidence': 0.8}"
REQ_H37_088,fully exposed to MCS.,fully exposed to MCS.,General,Low,Draft,H37 - Insulation vacuum system of the QRB,Inspection,To be defined,[],"{'extracted_from': 'H37', 'extraction_method': 'pattern_matching', 'confidence': 0.8}"
REQ_H37_089,be collected and sent outside the building via a dedicated pipe.,be collected and sent outside the building via a dedicated pipe.,General,Low,Draft,H37 - Insulation vacuum system of the QRB,Inspection,To be defined,[],"{'extracted_from': 'H37', 'extraction_method': 'pattern_matching', 'confidence': 0.8}"
REQ_H38_090,furnish and install all instrumentation required to:,furnish and install all instrumentation required to:,General,Low,Draft,H38 - Instrumentation,Inspection,To be defined,[],"{'extracted_from': 'H38', 'extraction_method': 'pattern_matching', 'confidence': 0.8}"
REQ_H38_091,"demonstrate, by reference to internationally recognised calibration certificates or equivalent trace...","demonstrate, by reference to internationally recognised calibration certificates or equivalent traceable documentation, that every measuring instrument supplied is suitable for its intended purpose.",General,Low,Draft,H38 - Instrumentation,Inspection,To be defined,[],"{'extracted_from': 'H38', 'extraction_method': 'pattern_matching', 'confidence': 0.8}"
REQ_H38_092,define the instrumentation layout and measurement ranges and submit the documentation to SCK CEN for...,define the instrumentation layout and measurement ranges and submit the documentation to SCK CEN for review and approval at the Detailed-Design stage.,General,Low,Draft,H38 - Instrumentation,Review,To be defined,[],"{'extracted_from': 'H38', 'extraction_method': 'pattern_matching', 'confidence': 0.8}"
REQ_H38_093,be included in the Deliverables package.,be included in the Deliverables package.,General,Low,Draft,H38 - Instrumentation,Inspection,To be defined,[],"{'extracted_from': 'H38', 'extraction_method': 'pattern_matching', 'confidence': 0.8}"
REQ_H38_094,submit a complete set of documentation for each instrumentation element including but not limited to...,"submit a complete set of documentation for each instrumentation element including but not limited to calibration curves, power rating, location, and protection set points (where applicable).",General,Low,Draft,H38 - Instrumentation,Inspection,To be defined,[],"{'extracted_from': 'H38', 'extraction_method': 'pattern_matching', 'confidence': 0.8}"
REQ_H39_095,incorporate a temperature control ensuring the specified maximum sheath or process temperature is no...,incorporate a temperature control ensuring the specified maximum sheath or process temperature is not exceeded.,General,Low,Draft,H39 - Heaters,Inspection,To be defined,[],"{'extracted_from': 'H39', 'extraction_method': 'pattern_matching', 'confidence': 0.8}"
REQ_H39_096,"either (a) be replaceable without breaking the insulation vacuum, or (b) be implemented redundantly.","either (a) be replaceable without breaking the insulation vacuum, or (b) be implemented redundantly.",General,Low,Draft,H39 - Heaters,Inspection,To be defined,[],"{'extracted_from': 'H39', 'extraction_method': 'pattern_matching', 'confidence': 0.8}"
REQ_H39_097,be transmitted to the QPLANT:CIS for trending and alarm purposes.,be transmitted to the QPLANT:CIS for trending and alarm purposes.,General,Low,Draft,H39 - Heaters,Inspection,To be defined,[],"{'extracted_from': 'H39', 'extraction_method': 'pattern_matching', 'confidence': 0.8}"
REQ_H39_098,successfully pass a dielectric test after each major installation phase and at final hand-over. Test...,successfully pass a dielectric test after each major installation phase and at final hand-over. Test records shall be included in the as-built dossier.,General,Low,Draft,H39 - Heaters,Testing,To be defined,[],"{'extracted_from': 'H39', 'extraction_method': 'pattern_matching', 'confidence': 0.8}"
REQ_H40_099,meet the requirements listed in Table 5.,meet the requirements listed in Table 5.,General,Low,Draft,H40 - Temperature measurements,Inspection,To be defined,[],"{'extracted_from': 'H40', 'extraction_method': 'pattern_matching', 'confidence': 0.8}"
REQ_H40_100,submit a proposal of classification (standard or high precision as defined in  Table 5) for review a...,submit a proposal of classification (standard or high precision as defined in  Table 5) for review and approval by SCK CEN.,General,Low,Draft,H40 - Temperature measurements,Review,To be defined,[],"{'extracted_from': 'H40', 'extraction_method': 'pattern_matching', 'confidence': 0.8}"
REQ_H40_101,"be designed and installed to ensure accurate, stable, and noise-immune signal transmission under all...","be designed and installed to ensure accurate, stable, and noise-immune signal transmission under all specified operating and environmental conditions.",General,Low,Draft,H40 - Temperature measurements,Inspection,To be defined,[],"{'extracted_from': 'H40', 'extraction_method': 'pattern_matching', 'confidence': 0.8}"
REQ_H40_102,"employ shielded, twisted-pair conductors or functionally equivalent solutions to minimise electromag...","employ shielded, twisted-pair conductors or functionally equivalent solutions to minimise electromagnetic interference (EMI), preserve signal resolution, and enable compensation of lead resistance when required by the selected measurement method (e.g. 3-wire or 4-wire RTDs).",Functional,Low,Draft,H40 - Temperature measurements,Inspection,To be defined,[],"{'extracted_from': 'H40', 'extraction_method': 'pattern_matching', 'confidence': 0.8}"
REQ_H40_103,"be justified by reference to recognised standards or design practices, such as IEC 60751, IEC 60359,...","be justified by reference to recognised standards or design practices, such as IEC 60751, IEC 60359, ISA RP12.6, or other EMI mitigation guidelines accepted in industrial instrumentation.  Temperature elements outside cold boxes shall be mounted directly in the fluid stream, using a protection tube welded on the pipe.",General,Low,Draft,H40 - Temperature measurements,Inspection,To be defined,[],"{'extracted_from': 'H40', 'extraction_method': 'pattern_matching', 'confidence': 0.8}"
REQ_H41_104,be installed with at least:,be installed with at least:,General,Low,Draft,H41 - Pressure measurements (incl. vacuum gauges),Inspection,To be defined,[],"{'extracted_from': 'H41', 'extraction_method': 'pattern_matching', 'confidence': 0.8}"
REQ_H41_105,additionally be equipped with a bypass valve and calibration valve.,additionally be equipped with a bypass valve and calibration valve.,General,Low,Draft,H41 - Pressure measurements (incl. vacuum gauges),Inspection,To be defined,[],"{'extracted_from': 'H41', 'extraction_method': 'pattern_matching', 'confidence': 0.8}"
REQ_H41_106,be defined by the Contractor and submitted to SCK CEN for approval.  Special attention shall be give...,be defined by the Contractor and submitted to SCK CEN for approval.  Special attention shall be given to the Very Low Pressure (VLP) lines.,General,Low,Draft,H41 - Pressure measurements (incl. vacuum gauges),Inspection,To be defined,[],"{'extracted_from': 'H41', 'extraction_method': 'pattern_matching', 'confidence': 0.8}"
REQ_H41_107,"withstand, without de-calibration or damage, any pressure from vacuum up to the Operating Pressure d...","withstand, without de-calibration or damage, any pressure from vacuum up to the Operating Pressure defined by the relevant safety valve setting.",General,Low,Draft,H41 - Pressure measurements (incl. vacuum gauges),Inspection,To be defined,[],"{'extracted_from': 'H41', 'extraction_method': 'pattern_matching', 'confidence': 0.8}"
REQ_H41_108,not exceed ±0.5 % of the maximum span per year.,not exceed ±0.5 % of the maximum span per year.,General,Low,Draft,H41 - Pressure measurements (incl. vacuum gauges),Inspection,To be defined,[],"{'extracted_from': 'H41', 'extraction_method': 'pattern_matching', 'confidence': 0.8}"
REQ_H41_109,be better than ±0.5 % of the calibrated span.,be better than ±0.5 % of the calibrated span.,General,Low,Draft,H41 - Pressure measurements (incl. vacuum gauges),Inspection,To be defined,[],"{'extracted_from': 'H41', 'extraction_method': 'pattern_matching', 'confidence': 0.8}"
REQ_H41_110,be better than ±0.25 % of the calibrated span.,be better than ±0.25 % of the calibrated span.,General,Low,Draft,H41 - Pressure measurements (incl. vacuum gauges),Inspection,To be defined,[],"{'extracted_from': 'H41', 'extraction_method': 'pattern_matching', 'confidence': 0.8}"
REQ_H41_111,cover the range from  to  mbar.,cover the range from  to  mbar.,General,Low,Draft,H41 - Pressure measurements (incl. vacuum gauges),Inspection,To be defined,[],"{'extracted_from': 'H41', 'extraction_method': 'pattern_matching', 'confidence': 0.8}"
REQ_H41_112,be capable of withstanding gas inrush without loss of calibration or mechanical damage.,be capable of withstanding gas inrush without loss of calibration or mechanical damage.,General,Low,Draft,H41 - Pressure measurements (incl. vacuum gauges),Inspection,To be defined,[],"{'extracted_from': 'H41', 'extraction_method': 'pattern_matching', 'confidence': 0.8}"
REQ_H42_113,measure the liquid-helium level in the QRB using either differential-pressure (qualified for cryogen...,measure the liquid-helium level in the QRB using either differential-pressure (qualified for cryogenic service) or superconducting level sensors.,General,Low,Draft,H42 - Liquid level measurements,Inspection,To be defined,[],"{'extracted_from': 'H42', 'extraction_method': 'pattern_matching', 'confidence': 0.8}"
REQ_H42_114,ensure that their readings are not influenced by:,ensure that their readings are not influenced by:,General,Low,Draft,H42 - Liquid level measurements,Inspection,To be defined,[],"{'extracted_from': 'H42', 'extraction_method': 'pattern_matching', 'confidence': 0.8}"
REQ_H42_115,be displayed to operators as a percentage of the nominal working volume.,be displayed to operators as a percentage of the nominal working volume.,General,Low,Draft,H42 - Liquid level measurements,Inspection,To be defined,[],"{'extracted_from': 'H42', 'extraction_method': 'pattern_matching', 'confidence': 0.8}"
REQ_H42_116,be accurate to:,be accurate to:,General,Low,Draft,H42 - Liquid level measurements,Inspection,To be defined,[],"{'extracted_from': 'H42', 'extraction_method': 'pattern_matching', 'confidence': 0.8}"
REQ_H43_117,be better than 5% of the full range.,be better than 5% of the full range.,General,Low,Draft,H43 - Helium flow rate measurements,Inspection,To be defined,[],"{'extracted_from': 'H43', 'extraction_method': 'pattern_matching', 'confidence': 0.8}"
REQ_H43_118,be better than 2% of the calibrated span.,be better than 2% of the calibrated span.,General,Low,Draft,H43 - Helium flow rate measurements,Inspection,To be defined,[],"{'extracted_from': 'H43', 'extraction_method': 'pattern_matching', 'confidence': 0.8}"
REQ_H45_119,be agreed with SCK CEN.,be agreed with SCK CEN.,General,Low,Draft,H45 - Pick-ups and sampling,Inspection,To be defined,[],"{'extracted_from': 'H45', 'extraction_method': 'pattern_matching', 'confidence': 0.8}"
REQ_H45_120,be installed - one in the compressor room and the second one in the cold box room.,be installed - one in the compressor room and the second one in the cold box room.,General,Low,Draft,H45 - Pick-ups and sampling,Inspection,To be defined,[],"{'extracted_from': 'H45', 'extraction_method': 'pattern_matching', 'confidence': 0.8}"
REQ_H45_121,"end at the gas analysis.  These sampling lines shall be provided with at least a pressure regulator,...","end at the gas analysis.  These sampling lines shall be provided with at least a pressure regulator, a proper removable filter element and a manual process isolation valve.",General,Low,Draft,H45 - Pick-ups and sampling,Analysis,To be defined,[],"{'extracted_from': 'H45', 'extraction_method': 'pattern_matching', 'confidence': 0.8}"
REQ_H45_122,be equipped with at least a manual process isolation valve and a plug.,be equipped with at least a manual process isolation valve and a plug.,General,Low,Draft,H45 - Pick-ups and sampling,Inspection,To be defined,[],"{'extracted_from': 'H45', 'extraction_method': 'pattern_matching', 'confidence': 0.8}"
REQ_H45_123,be equipped with a dedicated calibration line.,be equipped with a dedicated calibration line.,General,Low,Draft,H45 - Pick-ups and sampling,Inspection,To be defined,[],"{'extracted_from': 'H45', 'extraction_method': 'pattern_matching', 'confidence': 0.8}"
REQ_H45_124,be sent back to the Low Pressure  Line of the WCS (WCS-LP),be sent back to the Low Pressure  Line of the WCS (WCS-LP),General,Low,Draft,H45 - Pick-ups and sampling,Inspection,To be defined,[],"{'extracted_from': 'H45', 'extraction_method': 'pattern_matching', 'confidence': 0.8}"
REQ_H46_125,implement continuous measurement of moisture and nitrogen content in the helium gas stream with the ...,implement continuous measurement of moisture and nitrogen content in the helium gas stream with the following performance:,Performance,Low,Draft,H46 - Gas analysis requirements,Inspection,To be defined,[],"{'extracted_from': 'H46', 'extraction_method': 'pattern_matching', 'confidence': 0.8}"
REQ_H46_126,not exceed ±1 ppm by volume per year.,not exceed ±1 ppm by volume per year.,General,Low,Draft,H46 - Gas analysis requirements,Inspection,To be defined,[],"{'extracted_from': 'H46', 'extraction_method': 'pattern_matching', 'confidence': 0.8}"
REQ_H46_127,"implement a residual hydrocarbons measurement in the compressor room,","implement a residual hydrocarbons measurement in the compressor room,",General,Low,Draft,H46 - Gas analysis requirements,Inspection,To be defined,[],"{'extracted_from': 'H46', 'extraction_method': 'pattern_matching', 'confidence': 0.8}"
REQ_H46_128,trigger alarms on the QPLANT:CIS in the event of any anomaly or deviation from specified thresholds.,trigger alarms on the QPLANT:CIS in the event of any anomaly or deviation from specified thresholds.,General,Low,Draft,H46 - Gas analysis requirements,Inspection,To be defined,[],"{'extracted_from': 'H46', 'extraction_method': 'pattern_matching', 'confidence': 0.8}"
REQ_H47_129,comply with the following requirements:,comply with the following requirements:,General,Low,Draft,H47 - Welding,Inspection,To be defined,[],"{'extracted_from': 'H47', 'extraction_method': 'pattern_matching', 'confidence': 0.8}"
REQ_H47_130,be completed by welders who are certified in accordance with EN ISO 9606-1 and/or EN ISO 14732 (late...,be completed by welders who are certified in accordance with EN ISO 9606-1 and/or EN ISO 14732 (latest edition) or equivalent.,General,Low,Draft,H47 - Welding,Testing,To be defined,[],"{'extracted_from': 'H47', 'extraction_method': 'pattern_matching', 'confidence': 0.8}"
REQ_H47_131,"be qualified in accordance with EN ISO 15614-1, or equivalent.","be qualified in accordance with EN ISO 15614-1, or equivalent.",General,Low,Draft,H47 - Welding,Inspection,To be defined,[],"{'extracted_from': 'H47', 'extraction_method': 'pattern_matching', 'confidence': 0.8}"
REQ_H47_132,"be qualified in accordance with ISO 9712, level 2, industrial sectors.","be qualified in accordance with ISO 9712, level 2, industrial sectors.",General,Low,Draft,H47 - Welding,Inspection,To be defined,[],"{'extracted_from': 'H47', 'extraction_method': 'pattern_matching', 'confidence': 0.8}"
REQ_H47_133,"comply to EN 15614-1(/A1, and /A2)","comply to EN 15614-1(/A1, and /A2)",General,Low,Draft,H47 - Welding,Inspection,To be defined,[],"{'extracted_from': 'H47', 'extraction_method': 'pattern_matching', 'confidence': 0.8}"
REQ_H47_134,be welded.  Brazing is permitted only in exceptional cases and subject to prior approval by SCK CEN.,be welded.  Brazing is permitted only in exceptional cases and subject to prior approval by SCK CEN.,General,Low,Draft,H47 - Welding,Inspection,To be defined,[],"{'extracted_from': 'H47', 'extraction_method': 'pattern_matching', 'confidence': 0.8}"
REQ_H47_135,be welded with the weld located on the water side.,be welded with the weld located on the water side.,General,Low,Draft,H47 - Welding,Inspection,To be defined,[],"{'extracted_from': 'H47', 'extraction_method': 'pattern_matching', 'confidence': 0.8}"
REQ_H48_136,"inspect all welds in compliance with the applicable standards. To this end, the Contractor shall:","inspect all welds in compliance with the applicable standards. To this end, the Contractor shall:",General,Low,Draft,H48 - Weld inspections,Inspection,To be defined,[],"{'extracted_from': 'H48', 'extraction_method': 'pattern_matching', 'confidence': 0.8}"
REQ_H48_137,"include, at minimum:","include, at minimum:",General,Low,Draft,H48 - Weld inspections,Inspection,To be defined,[],"{'extracted_from': 'H48', 'extraction_method': 'pattern_matching', 'confidence': 0.8}"
REQ_H48_138,provide associated valid certificates of the qualified personnel for any on-site welding,provide associated valid certificates of the qualified personnel for any on-site welding,General,Low,Draft,H48 - Weld inspections,Inspection,To be defined,[],"{'extracted_from': 'H48', 'extraction_method': 'pattern_matching', 'confidence': 0.8}"
REQ_H48_139,"conduct the weld inspections, pressure, and leaks tests.","conduct the weld inspections, pressure, and leaks tests.",General,Low,Draft,H48 - Weld inspections,Testing,To be defined,[],"{'extracted_from': 'H48', 'extraction_method': 'pattern_matching', 'confidence': 0.8}"
REQ_H49_140,protect itself against/minimize damage as far as reasonably possible. The Contractor shall perform a...,"protect itself against/minimize damage as far as reasonably possible. The Contractor shall perform a risk analysis  (e.g. HAZOP, FMECA, or equivalent methodology) and implement all required mitigation measures. This shall include but not limited to:",General,Low,Draft,H49 - Machine Protection,Analysis,To be defined,[],"{'extracted_from': 'H49', 'extraction_method': 'pattern_matching', 'confidence': 0.8}"
REQ_H49_141,be protected against over pressures by safety devices and non-return valves.,be protected against over pressures by safety devices and non-return valves.,General,Low,Draft,H49 - Machine Protection,Inspection,To be defined,[],"{'extracted_from': 'H49', 'extraction_method': 'pattern_matching', 'confidence': 0.8}"
REQ_H50_142,"install all the necessary equipment and connections required for the remote purging (venting, pumpin...","install all the necessary equipment and connections required for the remote purging (venting, pumping and filling) and conditioning of the QPLANT.",General,Low,Draft,H50 - Purging,Inspection,To be defined,[],"{'extracted_from': 'H50', 'extraction_method': 'pattern_matching', 'confidence': 0.8}"
REQ_H51_143,minimize the loss of helium in all operation conditions (including failure modes).,minimize the loss of helium in all operation conditions (including failure modes).,Functional,Low,Draft,H51 - Helium Inventory management,Inspection,To be defined,[],"{'extracted_from': 'H51', 'extraction_method': 'pattern_matching', 'confidence': 0.8}"
REQ_H51_144,loose at maximum 1Nm3 of He per day.,loose at maximum 1Nm3 of He per day.,General,Low,Draft,H51 - Helium Inventory management,Inspection,To be defined,[],"{'extracted_from': 'H51', 'extraction_method': 'pattern_matching', 'confidence': 0.8}"
REQ_H51_145,not exceed the values defined in Table 6.  The system shall be qualified for leak-tightness under op...,not exceed the values defined in Table 6.  The system shall be qualified for leak-tightness under operational and standby conditions.,Functional,Low,Draft,H51 - Helium Inventory management,Inspection,To be defined,[],"{'extracted_from': 'H51', 'extraction_method': 'pattern_matching', 'confidence': 0.8}"
REQ_H51_146,explicitly quantify and elaborate:,explicitly quantify and elaborate:,General,Low,Draft,H51 - Helium Inventory management,Inspection,To be defined,[],"{'extracted_from': 'H51', 'extraction_method': 'pattern_matching', 'confidence': 0.8}"
REQ_H51_147,"implement a helium leak detection and monitoring system in accordance with EN 13185:2001, Clause 6.2...","implement a helium leak detection and monitoring system in accordance with EN 13185:2001, Clause 6.2 (Leak Detection Methodology) or equivalent, including routine leak testing and automated isolation mechanisms.",General,Low,Draft,H51 - Helium Inventory management,Testing,To be defined,[],"{'extracted_from': 'H51', 'extraction_method': 'pattern_matching', 'confidence': 0.8}"
REQ_H51_148,be qualified for leak-tightness under operational and standby conditions.,be qualified for leak-tightness under operational and standby conditions.,Functional,Low,Draft,H51 - Helium Inventory management,Inspection,To be defined,[],"{'extracted_from': 'H51', 'extraction_method': 'pattern_matching', 'confidence': 0.8}"
REQ_H52_149,requirement supersedes any prior assumptions regarding continuous instrument air supply during LOOP....,requirement supersedes any prior assumptions regarding continuous instrument air supply during LOOP.  The Contractor shall design the pneumatic backup to be self-sufficient and operationally integrated within the helium recovery logic,Functional,Low,Draft,H52 - Abnormal conditions,Inspection,To be defined,[],"{'extracted_from': 'H52', 'extraction_method': 'pattern_matching', 'confidence': 0.8}"
REQ_H52_150,"be lost. To this end, the Contractor shall implement a comprehensive helium recovery strategy coveri...","be lost. To this end, the Contractor shall implement a comprehensive helium recovery strategy covering all credible initiation events, including but not limited to LOOP, Loss of Vacuum or Instrument Air, Cooling Circuit Trip, Turbine Trip, QRB Trip, HP Compressor Trip, and PVPS Trip.  For each scenario, the Contractor shall identify at least:",General,Low,Draft,H52 - Abnormal conditions,Inspection,To be defined,[],"{'extracted_from': 'H52', 'extraction_method': 'pattern_matching', 'confidence': 0.8}"
REQ_H52_151,"be supported by engineering justifications and include timelines, buffer sizing assumptions, and any...","be supported by engineering justifications and include timelines, buffer sizing assumptions, and any control system responses.",Performance,Low,Draft,H52 - Abnormal conditions,Inspection,To be defined,[],"{'extracted_from': 'H52', 'extraction_method': 'pattern_matching', 'confidence': 0.8}"
REQ_H52_152,assume the backup power/cooling as described in XXXXXXX,assume the backup power/cooling as described in XXXXXXX,General,Low,Draft,H52 - Abnormal conditions,Inspection,To be defined,[],"{'extracted_from': 'H52', 'extraction_method': 'pattern_matching', 'confidence': 0.8}"
REQ_H52_153,contain a pneumatic backup system to allow helium recovery operations during a LOOP event. The syste...,contain a pneumatic backup system to allow helium recovery operations during a LOOP event. The system shall satisfy the following minimum requirements:,Functional,Low,Draft,H52 - Abnormal conditions,Inspection,To be defined,[],"{'extracted_from': 'H52', 'extraction_method': 'pattern_matching', 'confidence': 0.8}"
REQ_H52_154,"consist of two compressed gas cylinders (Instrument Air or Nitrogen), equipped with an automated swi...","consist of two compressed gas cylinders (Instrument Air or Nitrogen), equipped with an automated switchover manifold to ensure redundancy and continuous supply.",General,Low,Draft,H52 - Abnormal conditions,Inspection,To be defined,[],"{'extracted_from': 'H52', 'extraction_method': 'pattern_matching', 'confidence': 0.8}"
REQ_H52_155,have a minimum autonomy of 6 hours under full helium recovery load conditions,have a minimum autonomy of 6 hours under full helium recovery load conditions,General,Low,Draft,H52 - Abnormal conditions,Inspection,To be defined,[],"{'extracted_from': 'H52', 'extraction_method': 'pattern_matching', 'confidence': 0.8}"
REQ_H52_156,supply the instrument air Instrument Air and Receiver System for initial valve actuation (Fail-Close...,"supply the instrument air Instrument Air and Receiver System for initial valve actuation (Fail-Closed or Fail-Open) supplied by SCK CEN.  However, this does not constitute a continuous supply obligation during LOOP.",General,Low,Draft,H52 - Abnormal conditions,Inspection,To be defined,[],"{'extracted_from': 'H52', 'extraction_method': 'pattern_matching', 'confidence': 0.8}"
REQ_H52_157,be responsible for supplying and integrating any additional pneumatic backup capacity necessary to m...,be responsible for supplying and integrating any additional pneumatic backup capacity necessary to maintain helium recovery functionality during the LOOP event.,Functional,Low,Draft,H52 - Abnormal conditions,Inspection,To be defined,[],"{'extracted_from': 'H52', 'extraction_method': 'pattern_matching', 'confidence': 0.8}"
REQ_H52_158,design the pneumatic backup to be self-sufficient and operationally integrated within the helium rec...,design the pneumatic backup to be self-sufficient and operationally integrated within the helium recovery logic,Functional,Low,Draft,H52 - Abnormal conditions,Inspection,To be defined,[],"{'extracted_from': 'H52', 'extraction_method': 'pattern_matching', 'confidence': 0.8}"
REQ_H52_159,satisfy the following minimum requirements:,satisfy the following minimum requirements:,General,Low,Draft,H52 - Abnormal conditions,Inspection,To be defined,[],"{'extracted_from': 'H52', 'extraction_method': 'pattern_matching', 'confidence': 0.8}"
REQ_H53_160,implement a comprehensive helium recovery strategy able to cope with the following He flow from the ...,implement a comprehensive helium recovery strategy able to cope with the following He flow from the users:,General,Low,Draft,H53 - Helium recovery,Inspection,To be defined,[],"{'extracted_from': 'H53', 'extraction_method': 'pattern_matching', 'confidence': 0.8}"
REQ_H53_161,present a high-level description of the helium recovery strategy including but not limited to a Bill...,"present a high-level description of the helium recovery strategy including but not limited to a Bill of Materials (BoM) of all recovery components, including low-pressure gas balloon storage and/or high-pressure compressor-driven recovery options and/or dedicated purification system.",General,Low,Draft,H53 - Helium recovery,Inspection,To be defined,[],"{'extracted_from': 'H53', 'extraction_method': 'pattern_matching', 'confidence': 0.8}"
REQ_H53_162,indicate what SSC or other design provisions required to contain/minimize all helium losses to no mo...,indicate what SSC or other design provisions required to contain/minimize all helium losses to no more than 1% of total inventory.,General,Low,Draft,H53 - Helium recovery,Inspection,To be defined,[],"{'extracted_from': 'H53', 'extraction_method': 'pattern_matching', 'confidence': 0.8}"
REQ_H53_163,have an input to the QRB-S where the QCELL safety valves shall discharge  to (via the QINFRA-S line)...,have an input to the QRB-S where the QCELL safety valves shall discharge  to (via the QINFRA-S line).,General,Low,Draft,H53 - Helium recovery,Inspection,To be defined,[],"{'extracted_from': 'H53', 'extraction_method': 'pattern_matching', 'confidence': 0.8}"
REQ_H54_164,"be cleaned before assembly, using proper solvents and water to remove any trace of acid flux, organi...","be cleaned before assembly, using proper solvents and water to remove any trace of acid flux, organic depositions and any other dirt and dust.",General,Low,Draft,H54 - Cleaning and surface treatment,Inspection,To be defined,[],"{'extracted_from': 'H54', 'extraction_method': 'pattern_matching', 'confidence': 0.8}"
REQ_H54_165,"be cleaned, pickled, and passivated.  The completed components shall also undergo cleaning (degreasi...","be cleaned, pickled, and passivated.  The completed components shall also undergo cleaning (degreasing, cleaning, and drying) prior to helium leak testing.",General,Low,Draft,H54 - Cleaning and surface treatment,Testing,To be defined,[],"{'extracted_from': 'H54', 'extraction_method': 'pattern_matching', 'confidence': 0.8}"
REQ_H55_166,facilitate helium compression across at least three pressure levels:,facilitate helium compression across at least three pressure levels:,General,Low,Draft,H55 - Warm Compressor Station,Inspection,To be defined,[],"{'extracted_from': 'H55', 'extraction_method': 'pattern_matching', 'confidence': 0.8}"
REQ_H55_167,be connected to the warm gas helium storage (WHS).,be connected to the warm gas helium storage (WHS).,General,Low,Draft,H55 - Warm Compressor Station,Inspection,To be defined,[],"{'extracted_from': 'H55', 'extraction_method': 'pattern_matching', 'confidence': 0.8}"
REQ_H55_168,be installed between each pair of pressure headers (VLP ↔ LP and LP ↔ HP).,be installed between each pair of pressure headers (VLP ↔ LP and LP ↔ HP).,General,Low,Draft,H55 - Warm Compressor Station,Inspection,To be defined,[],"{'extracted_from': 'H55', 'extraction_method': 'pattern_matching', 'confidence': 0.8}"
REQ_H55_169,be sized to pass ≥ 100 % of the maximum steady-state mass-flow rate of the associated compressor tra...,be sized to pass ≥ 100 % of the maximum steady-state mass-flow rate of the associated compressor train under the worst-case differential-pressure condition.,General,Low,Draft,H55 - Warm Compressor Station,Inspection,To be defined,[],"{'extracted_from': 'H55', 'extraction_method': 'pattern_matching', 'confidence': 0.8}"
REQ_H55_170,connect the helium-gas storage:,connect the helium-gas storage:,General,Low,Draft,H55 - Warm Compressor Station,Inspection,To be defined,[],"{'extracted_from': 'H55', 'extraction_method': 'pattern_matching', 'confidence': 0.8}"
REQ_H55_171,be installed downstream of the fine dust filter after the oil charcoal adsorber.,be installed downstream of the fine dust filter after the oil charcoal adsorber.,General,Low,Draft,H55 - Warm Compressor Station,Inspection,To be defined,[],"{'extracted_from': 'H55', 'extraction_method': 'pattern_matching', 'confidence': 0.8}"
REQ_H55_172,be performed via control valves located in the WCS building to prevent fast pressure variation.  All...,be performed via control valves located in the WCS building to prevent fast pressure variation.  All helium connections between the WCS and the QRB shall be routed through control valves located inside the WCS building to limit pressure-transient rates to values approved by SCK CEN.,General,Low,Draft,H55 - Warm Compressor Station,Inspection,To be defined,[],"{'extracted_from': 'H55', 'extraction_method': 'pattern_matching', 'confidence': 0.8}"
REQ_H55_173,be fitted with non-return valves that automatically close when the compressor stops,be fitted with non-return valves that automatically close when the compressor stops,General,Low,Draft,H55 - Warm Compressor Station,Inspection,To be defined,[],"{'extracted_from': 'H55', 'extraction_method': 'pattern_matching', 'confidence': 0.8}"
REQ_H55_174,not exceed 80 dB(A) at 1 m during any steady-state operating mode.,not exceed 80 dB(A) at 1 m during any steady-state operating mode.,General,Low,Draft,H55 - Warm Compressor Station,Inspection,To be defined,[],"{'extracted_from': 'H55', 'extraction_method': 'pattern_matching', 'confidence': 0.8}"
REQ_H55_175,submit noise-test reports for each compressor and its electric-motor drive in accordance with ISO 21...,"submit noise-test reports for each compressor and its electric-motor drive in accordance with ISO 2151 (or an equivalent international standard).  Reports shall be provided after factory acceptance tests (FAT) and after site acceptance tests (SAT), demonstrating compliance with RTM-0119.",General,Low,Draft,H55 - Warm Compressor Station,Testing,To be defined,[],"{'extracted_from': 'H55', 'extraction_method': 'pattern_matching', 'confidence': 0.8}"
REQ_H55_176,comply with ISO 2372 (or its successor ISO 20816).,comply with ISO 2372 (or its successor ISO 20816).,General,Low,Draft,H55 - Warm Compressor Station,Inspection,To be defined,[],"{'extracted_from': 'H55', 'extraction_method': 'pattern_matching', 'confidence': 0.8}"
REQ_H55_177,submit a vibration-analysis report and calculation dossier for SCK CEN approval.  During commissioni...,"submit a vibration-analysis report and calculation dossier for SCK CEN approval.  During commissioning, the Contractor shall verify the guaranteed vibration values using calibrated instruments and test methods in accordance with ISO 2954.",General,Low,Draft,H55 - Warm Compressor Station,Testing,To be defined,[],"{'extracted_from': 'H55', 'extraction_method': 'pattern_matching', 'confidence': 0.8}"
REQ_H55_178,provide ductwork and connection points that enable the residual heat (< 120 kW) to be evacuated to t...,"provide ductwork and connection points that enable the residual heat (< 120 kW) to be evacuated to the site HVAC interface defined in § 3.4.4. The Contractor shall specify duct cross-section, air-flow rate, and interface flange details for SCK CEN approval.",Interface,Low,Draft,H55 - Warm Compressor Station,Inspection,To be defined,[],"{'extracted_from': 'H55', 'extraction_method': 'pattern_matching', 'confidence': 0.8}"
REQ_H55_179,be recoverable via the site hot water network (40/50°C) described in 3.6.4.4.,be recoverable via the site hot water network (40/50°C) described in 3.6.4.4.,General,Low,Draft,H55 - Warm Compressor Station,Inspection,To be defined,[],"{'extracted_from': 'H55', 'extraction_method': 'pattern_matching', 'confidence': 0.8}"
REQ_H55_180,operate only when a hot-water demand signal is present.,operate only when a hot-water demand signal is present.,General,Low,Draft,H55 - Warm Compressor Station,Inspection,To be defined,[],"{'extracted_from': 'H55', 'extraction_method': 'pattern_matching', 'confidence': 0.8}"
REQ_H55_181,"demonstrate, by heat-balance calculations, that the recovered-water temperature and the percentage o...","demonstrate, by heat-balance calculations, that the recovered-water temperature and the percentage of heat recovered meet the 65 % target when the cooling-water supply temperature is 27 °C.",General,Low,Draft,H55 - Warm Compressor Station,Analysis,To be defined,[],"{'extracted_from': 'H55', 'extraction_method': 'pattern_matching', 'confidence': 0.8}"
REQ_H55_182,quantify the expected heat recovery per operating scenario),quantify the expected heat recovery per operating scenario),General,Low,Draft,H55 - Warm Compressor Station,Inspection,To be defined,[],"{'extracted_from': 'H55', 'extraction_method': 'pattern_matching', 'confidence': 0.8}"
REQ_H55_183,define the size and quantity of machines—minimum three (3) per compressor stage—to achieve the requi...,define the size and quantity of machines—minimum three (3) per compressor stage—to achieve the required flow turndown for all operating modes.,General,Low,Draft,H55 - Warm Compressor Station,Inspection,To be defined,[],"{'extracted_from': 'H55', 'extraction_method': 'pattern_matching', 'confidence': 0.8}"
REQ_H55_184,be identical in type and rating to simplify maintenance and spare-parts management.,be identical in type and rating to simplify maintenance and spare-parts management.,General,Low,Draft,H55 - Warm Compressor Station,Inspection,To be defined,[],"{'extracted_from': 'H55', 'extraction_method': 'pattern_matching', 'confidence': 0.8}"
REQ_H55_185,"be 400 V, 3-phase, 50 Hz.","be 400 V, 3-phase, 50 Hz.",General,Low,Draft,H55 - Warm Compressor Station,Inspection,To be defined,[],"{'extracted_from': 'H55', 'extraction_method': 'pattern_matching', 'confidence': 0.8}"
REQ_H55_186,be direct and incorporate a removable shaft coupling.,be direct and incorporate a removable shaft coupling.,General,Low,Draft,H55 - Warm Compressor Station,Inspection,To be defined,[],"{'extracted_from': 'H55', 'extraction_method': 'pattern_matching', 'confidence': 0.8}"
REQ_H55_187,include an oil-retention reservoir sized to contain the full oil inventory of the skid in the event ...,include an oil-retention reservoir sized to contain the full oil inventory of the skid in the event of pipe rupture.,General,Low,Draft,H55 - Warm Compressor Station,Inspection,To be defined,[],"{'extracted_from': 'H55', 'extraction_method': 'pattern_matching', 'confidence': 0.8}"
REQ_H55_188,incorporate an internal slide-valve control capable of turndown to ≤ 30 % of rated mass-flow while m...,incorporate an internal slide-valve control capable of turndown to ≤ 30 % of rated mass-flow while maintaining stable operation.,Functional,Low,Draft,H55 - Warm Compressor Station,Inspection,To be defined,[],"{'extracted_from': 'H55', 'extraction_method': 'pattern_matching', 'confidence': 0.8}"
REQ_H55_189,be equipped with a variable-frequency drive (VFD) rated for full-load current.  Nominal operation sh...,be equipped with a variable-frequency drive (VFD) rated for full-load current.  Nominal operation shall strive for efficient point (close to most efficient),Functional,Low,Draft,H55 - Warm Compressor Station,Inspection,To be defined,[],"{'extracted_from': 'H55', 'extraction_method': 'pattern_matching', 'confidence': 0.8}"
REQ_H55_190,state proposed number of LP compressors and HP compressors and confirm the long term sustainable fre...,state proposed number of LP compressors and HP compressors and confirm the long term sustainable frequency (in event of higher than standard 60 Hz (e.g. HP compressors for KAEZER operate at elevated up to 72 Hz,General,Low,Draft,H55 - Warm Compressor Station,Inspection,To be defined,[],"{'extracted_from': 'H55', 'extraction_method': 'pattern_matching', 'confidence': 0.8}"
REQ_H56_191,"be designed for the cooling-water quality, fouling factor, inlet temperature and flow specified in §...","be designed for the cooling-water quality, fouling factor, inlet temperature and flow specified in § 3.6.4.2",General,Low,Draft,H56 - Coolers,Inspection,To be defined,[],"{'extracted_from': 'H56', 'extraction_method': 'pattern_matching', 'confidence': 0.8}"
REQ_H56_192,be installed at the outlet of each cooler to regulate water flow.,be installed at the outlet of each cooler to regulate water flow.,General,Low,Draft,H56 - Coolers,Inspection,To be defined,[],"{'extracted_from': 'H56', 'extraction_method': 'pattern_matching', 'confidence': 0.8}"
REQ_H56_193,be provided with purge valves suitable for nitrogen blow-through or helium rinse during maintenance.,be provided with purge valves suitable for nitrogen blow-through or helium rinse during maintenance.,General,Low,Draft,H56 - Coolers,Inspection,To be defined,[],"{'extracted_from': 'H56', 'extraction_method': 'pattern_matching', 'confidence': 0.8}"
REQ_H56_194,be installed.,be installed.,General,Low,Draft,H56 - Coolers,Inspection,To be defined,[],"{'extracted_from': 'H56', 'extraction_method': 'pattern_matching', 'confidence': 0.8}"
REQ_H56_195,be set up at the inlet of each cooler.,be set up at the inlet of each cooler.,General,Low,Draft,H56 - Coolers,Inspection,To be defined,[],"{'extracted_from': 'H56', 'extraction_method': 'pattern_matching', 'confidence': 0.8}"
REQ_H57_196,supply compressor oil whose purity does not exceed 25 µm particle size and 1 ppm v/v water content.,supply compressor oil whose purity does not exceed 25 µm particle size and 1 ppm v/v water content.,General,Low,Draft,H57 - Oil,Inspection,To be defined,[],"{'extracted_from': 'H57', 'extraction_method': 'pattern_matching', 'confidence': 0.8}"
REQ_H57_197,"include in the operation and maintenance manual detailed procedures for oil preparation, dehydration...","include in the operation and maintenance manual detailed procedures for oil preparation, dehydration, and filtration prior to first fill and after major maintenance activities.",Functional,Low,Draft,H57 - Oil,Inspection,To be defined,[],"{'extracted_from': 'H57', 'extraction_method': 'pattern_matching', 'confidence': 0.8}"
REQ_H57_198,provide a routine oil-analysis schedule specifying sampling frequency and acceptance limits for part...,"provide a routine oil-analysis schedule specifying sampling frequency and acceptance limits for particle count, water content and acid number.",General,Low,Draft,H57 - Oil,Analysis,To be defined,[],"{'extracted_from': 'H57', 'extraction_method': 'pattern_matching', 'confidence': 0.8}"
REQ_H59_199,"be fitted with a dedicated, automatically controlled auxiliary oil pump that maintains the minimum b...","be fitted with a dedicated, automatically controlled auxiliary oil pump that maintains the minimum bearing-lubrication pressure during start-up, shutdown, and coast-down.",General,Low,Draft,H59 - Oil-pump units,Inspection,To be defined,[],"{'extracted_from': 'H59', 'extraction_method': 'pattern_matching', 'confidence': 0.8}"
REQ_H59_200,be equipped with suction and discharge pressure transmitters and a loss-of-flow alarm interlocked wi...,be equipped with suction and discharge pressure transmitters and a loss-of-flow alarm interlocked with the compressor protection system.,General,Low,Draft,H59 - Oil-pump units,Inspection,To be defined,[],"{'extracted_from': 'H59', 'extraction_method': 'pattern_matching', 'confidence': 0.8}"
REQ_H60_201,be located above the vessel sludge line to minimize ingestion of settled contaminants.,be located above the vessel sludge line to minimize ingestion of settled contaminants.,General,Low,Draft,H60 - Oil-retention vessel,Inspection,To be defined,[],"{'extracted_from': 'H60', 'extraction_method': 'pattern_matching', 'confidence': 0.8}"
REQ_H60_202,be connected to the lowest point of each retention vessel.,be connected to the lowest point of each retention vessel.,General,Low,Draft,H60 - Oil-retention vessel,Inspection,To be defined,[],"{'extracted_from': 'H60', 'extraction_method': 'pattern_matching', 'confidence': 0.8}"
REQ_H60_203,be fitted with an electric heater to pre-heat the oil prior to compressor start-up.,be fitted with an electric heater to pre-heat the oil prior to compressor start-up.,General,Low,Draft,H60 - Oil-retention vessel,Inspection,To be defined,[],"{'extracted_from': 'H60', 'extraction_method': 'pattern_matching', 'confidence': 0.8}"
REQ_H60_204,include a differential-pressure indicator across the internal separator to allow fouling monitoring.,include a differential-pressure indicator across the internal separator to allow fouling monitoring.,General,Low,Draft,H60 - Oil-retention vessel,Inspection,To be defined,[],"{'extracted_from': 'H60', 'extraction_method': 'pattern_matching', 'confidence': 0.8}"
REQ_H60_205,include heater for pre-heating the oil.  Integration with heat recovery shall guide the design.,include heater for pre-heating the oil.  Integration with heat recovery shall guide the design.,Interface,Low,Draft,H60 - Oil-retention vessel,Inspection,To be defined,[],"{'extracted_from': 'H60', 'extraction_method': 'pattern_matching', 'confidence': 0.8}"
REQ_H60_206,"be fitted with a dedicated, automatically controlled auxiliary oil pump that maintains the minimum b...","be fitted with a dedicated, automatically controlled auxiliary oil pump that maintains the minimum bearing-lubrication pressure during start-up, shutdown, and coast-down.",General,Low,Draft,H60 - Oil-retention vessel,Inspection,To be defined,[],"{'extracted_from': 'H60', 'extraction_method': 'pattern_matching', 'confidence': 0.8}"
REQ_H61_207,"be protected by duplex (change-over) filters rated 25 µm absolute, mounted in parallel.","be protected by duplex (change-over) filters rated 25 µm absolute, mounted in parallel.",General,Low,Draft,H61 - Oil filters,Inspection,To be defined,[],"{'extracted_from': 'H61', 'extraction_method': 'pattern_matching', 'confidence': 0.8}"
REQ_H61_208,be installed at the injection points of compressor bearings and shaft seals.,be installed at the injection points of compressor bearings and shaft seals.,General,Low,Draft,H61 - Oil filters,Inspection,To be defined,[],"{'extracted_from': 'H61', 'extraction_method': 'pattern_matching', 'confidence': 0.8}"
REQ_H61_209,be installed at the injection points of compressor bearings and shaft seals.,be installed at the injection points of compressor bearings and shaft seals.,General,Low,Draft,H61 - Oil filters,Inspection,To be defined,[],"{'extracted_from': 'H61', 'extraction_method': 'pattern_matching', 'confidence': 0.8}"
REQ_H61_210,be installed upstream and downstream of every oil filter.,be installed upstream and downstream of every oil filter.,General,Low,Draft,H61 - Oil filters,Inspection,To be defined,[],"{'extracted_from': 'H61', 'extraction_method': 'pattern_matching', 'confidence': 0.8}"
REQ_H61_211,be provided across each oil filter to give a visual indication of filter blockage.,be provided across each oil filter to give a visual indication of filter blockage.,General,Low,Draft,H61 - Oil filters,Inspection,To be defined,[],"{'extracted_from': 'H61', 'extraction_method': 'pattern_matching', 'confidence': 0.8}"
REQ_H62_212,be equipped with manual isolation valves in all connecting piping to permit full circuit isolation f...,be equipped with manual isolation valves in all connecting piping to permit full circuit isolation for maintenance.,General,Low,Draft,H62 - Purge and fill up requirements,Inspection,To be defined,[],"{'extracted_from': 'H62', 'extraction_method': 'pattern_matching', 'confidence': 0.8}"
REQ_H62_213,design the purge system and slope all relevant piping at a minimum gradient of 1 % toward designated...,design the purge system and slope all relevant piping at a minimum gradient of 1 % toward designated oil traps to prevent migration of oil into oil-free regions.,General,Low,Draft,H62 - Purge and fill up requirements,Inspection,To be defined,[],"{'extracted_from': 'H62', 'extraction_method': 'pattern_matching', 'confidence': 0.8}"
REQ_H64_214,"be installed in series, with dimensions such that sufficiently low gas velocity is achieved through ...","be installed in series, with dimensions such that sufficiently low gas velocity is achieved through the filter elements for efficient coalescing.",General,Low,Draft,H64 - Coalescers,Inspection,To be defined,[],"{'extracted_from': 'H64', 'extraction_method': 'pattern_matching', 'confidence': 0.8}"
REQ_H64_215,be determined for the highest possible volumetric flow during the distinct phases of compressor oper...,"be determined for the highest possible volumetric flow during the distinct phases of compressor operation, plus a 20% margin.",Functional,Low,Draft,H64 - Coalescers,Inspection,To be defined,[],"{'extracted_from': 'H64', 'extraction_method': 'pattern_matching', 'confidence': 0.8}"
REQ_H64_216,be capable of withstanding compressor vibration.,be capable of withstanding compressor vibration.,General,Low,Draft,H64 - Coalescers,Inspection,To be defined,[],"{'extracted_from': 'H64', 'extraction_method': 'pattern_matching', 'confidence': 0.8}"
REQ_H64_217,be equipped with standpipe on which magnetic level indicator is positioned.  Level is monitored loca...,be equipped with standpipe on which magnetic level indicator is positioned.  Level is monitored locally and from the control system with high level alarms and shutdowns.,General,Low,Draft,H64 - Coalescers,Inspection,To be defined,[],"{'extracted_from': 'H64', 'extraction_method': 'pattern_matching', 'confidence': 0.8}"
REQ_H64_218,be carried out using a motorized valve controlled by the level indicator mentioned above.,be carried out using a motorized valve controlled by the level indicator mentioned above.,General,Low,Draft,H64 - Coalescers,Inspection,To be defined,[],"{'extracted_from': 'H64', 'extraction_method': 'pattern_matching', 'confidence': 0.8}"
REQ_H64_219,reduce the oil content of the stream to less than 40 ppb.,reduce the oil content of the stream to less than 40 ppb.,General,Low,Draft,H64 - Coalescers,Inspection,To be defined,[],"{'extracted_from': 'H64', 'extraction_method': 'pattern_matching', 'confidence': 0.8}"
REQ_H64_220,lead to a shutdown of the compressor station.,lead to a shutdown of the compressor station.,General,Low,Draft,H64 - Coalescers,Inspection,To be defined,[],"{'extracted_from': 'H64', 'extraction_method': 'pattern_matching', 'confidence': 0.8}"
REQ_H65_221,be designed for a flow 20 % higher than the maximum compressor flow going to the cold box.,be designed for a flow 20 % higher than the maximum compressor flow going to the cold box.,General,Low,Draft,H65 - Charcoal adsorber,Inspection,To be defined,[],"{'extracted_from': 'H65', 'extraction_method': 'pattern_matching', 'confidence': 0.8}"
REQ_H65_222,be used as adsorbent filling.  No filling consisting of irregularly broken particles shall be accept...,be used as adsorbent filling.  No filling consisting of irregularly broken particles shall be accepted.,General,Low,Draft,H65 - Charcoal adsorber,Inspection,To be defined,[],"{'extracted_from': 'H65', 'extraction_method': 'pattern_matching', 'confidence': 0.8}"
REQ_H65_223,be cleaned and dried by the Contractor to avoid dust and moisture.,be cleaned and dried by the Contractor to avoid dust and moisture.,General,Low,Draft,H65 - Charcoal adsorber,Inspection,To be defined,[],"{'extracted_from': 'H65', 'extraction_method': 'pattern_matching', 'confidence': 0.8}"
REQ_H65_224,permit an operation time in the 2 K operation mode of at least 3 years without exceeding the guarant...,permit an operation time in the 2 K operation mode of at least 3 years without exceeding the guaranteed maximum outlet impurity of 10 ppb.,Performance,Low,Draft,H65 - Charcoal adsorber,Inspection,To be defined,[],"{'extracted_from': 'H65', 'extraction_method': 'pattern_matching', 'confidence': 0.8}"
REQ_H65_225,verify that the filling of the bed is regular and no preferred passages for the helium exist.,verify that the filling of the bed is regular and no preferred passages for the helium exist.,General,Low,Draft,H65 - Charcoal adsorber,Testing,To be defined,[],"{'extracted_from': 'H65', 'extraction_method': 'pattern_matching', 'confidence': 0.8}"
REQ_H65_226,demonstrate (based on design and previous experiences) that movement of the adsorbent and the carry-...,demonstrate (based on design and previous experiences) that movement of the adsorbent and the carry-over of dust particles is avoided.,General,Low,Draft,H65 - Charcoal adsorber,Inspection,To be defined,[],"{'extracted_from': 'H65', 'extraction_method': 'pattern_matching', 'confidence': 0.8}"
REQ_H65_227,be from top to bottom.,be from top to bottom.,General,Low,Draft,H65 - Charcoal adsorber,Inspection,To be defined,[],"{'extracted_from': 'H65', 'extraction_method': 'pattern_matching', 'confidence': 0.8}"
REQ_H65_228,supply any equipment necessary to fill the adsorber without degrading the adsorbent.,supply any equipment necessary to fill the adsorber without degrading the adsorbent.,General,Low,Draft,H65 - Charcoal adsorber,Inspection,To be defined,[],"{'extracted_from': 'H65', 'extraction_method': 'pattern_matching', 'confidence': 0.8}"
REQ_H65_229,be supplied by the Contractor.,be supplied by the Contractor.,General,Low,Draft,H65 - Charcoal adsorber,Inspection,To be defined,[],"{'extracted_from': 'H65', 'extraction_method': 'pattern_matching', 'confidence': 0.8}"
REQ_H65_230,be equipped with adequate thermal insulation to prevent from personal risk of burn on hot surfaces t...,be equipped with adequate thermal insulation to prevent from personal risk of burn on hot surfaces throughout the drying of the adsorber by means of hot nitrogen.,General,Low,Draft,H65 - Charcoal adsorber,Inspection,To be defined,[],"{'extracted_from': 'H65', 'extraction_method': 'pattern_matching', 'confidence': 0.8}"
REQ_H66_231,be designed for the full helium mass flow (HP total mass flow) contaminated up to 50 ppm by volume o...,be designed for the full helium mass flow (HP total mass flow) contaminated up to 50 ppm by volume of water for a duration of 12 hours before regeneration.,General,Low,Draft,H66 - Helium dryer,Inspection,To be defined,[],"{'extracted_from': 'H66', 'extraction_method': 'pattern_matching', 'confidence': 0.8}"
REQ_H66_232,remove water in the helium to a level of less than 1 ppm.,remove water in the helium to a level of less than 1 ppm.,General,Low,Draft,H66 - Helium dryer,Inspection,To be defined,[],"{'extracted_from': 'H66', 'extraction_method': 'pattern_matching', 'confidence': 0.8}"
REQ_H66_233,operate at the High Pressure of the WCS without generating a total pressure drop of more than 0.5 ba...,operate at the High Pressure of the WCS without generating a total pressure drop of more than 0.5 bar.,General,Low,Draft,H66 - Helium dryer,Inspection,To be defined,[],"{'extracted_from': 'H66', 'extraction_method': 'pattern_matching', 'confidence': 0.8}"
REQ_H66_234,not exceed 12 hours.,not exceed 12 hours.,General,Low,Draft,H66 - Helium dryer,Inspection,To be defined,[],"{'extracted_from': 'H66', 'extraction_method': 'pattern_matching', 'confidence': 0.8}"
REQ_H66_235,include inlet and outlet valves and a by-pass circuit.  The regeneration shall be performed by circu...,include inlet and outlet valves and a by-pass circuit.  The regeneration shall be performed by circulation of warm and dry nitrogen gas.,General,Low,Draft,H66 - Helium dryer,Inspection,To be defined,[],"{'extracted_from': 'H66', 'extraction_method': 'pattern_matching', 'confidence': 0.8}"
REQ_H66_236,be installed to trap particles of dryer adsorbent.,be installed to trap particles of dryer adsorbent.,General,Low,Draft,H66 - Helium dryer,Inspection,To be defined,[],"{'extracted_from': 'H66', 'extraction_method': 'pattern_matching', 'confidence': 0.8}"
REQ_H66_237,provide the necessary replacement frequency and associated procedure.,provide the necessary replacement frequency and associated procedure.,General,Low,Draft,H66 - Helium dryer,Inspection,To be defined,[],"{'extracted_from': 'H66', 'extraction_method': 'pattern_matching', 'confidence': 0.8}"
REQ_H67_238,include a recovery header for helium gas at room temperature and atmospheric pressure collecting saf...,include a recovery header for helium gas at room temperature and atmospheric pressure collecting safety valves and potentially for future external user.,General,Low,Draft,H67 - Recovery and purification system for ad-hoc user,Inspection,To be defined,[],"{'extracted_from': 'H67', 'extraction_method': 'pattern_matching', 'confidence': 0.8}"
REQ_H67_239,be connected to the LP of the warm compressors.,be connected to the LP of the warm compressors.,General,Low,Draft,H67 - Recovery and purification system for ad-hoc user,Inspection,To be defined,[],"{'extracted_from': 'H67', 'extraction_method': 'pattern_matching', 'confidence': 0.8}"
REQ_H67_240,be permanently measured.,be permanently measured.,General,Low,Draft,H67 - Recovery and purification system for ad-hoc user,Inspection,To be defined,[],"{'extracted_from': 'H67', 'extraction_method': 'pattern_matching', 'confidence': 0.8}"
REQ_H67_241,"exist.  The Contractor shall make recommendation on required external purification system, or as a m...","exist.  The Contractor shall make recommendation on required external purification system, or as a minimum specify the limits (in terms of impurities) to avoid negative impact on the main QPLANT function.",Functional,Low,Draft,H67 - Recovery and purification system for ad-hoc user,Inspection,To be defined,[],"{'extracted_from': 'H67', 'extraction_method': 'pattern_matching', 'confidence': 0.8}"
REQ_H68_242,install at least the following gas filters:,install at least the following gas filters:,General,Low,Draft,H68 - Gas Filters,Inspection,To be defined,[],"{'extracted_from': 'H68', 'extraction_method': 'pattern_matching', 'confidence': 0.8}"
REQ_H68_243,be installed.,be installed.,General,Low,Draft,H68 - Gas Filters,Inspection,To be defined,[],"{'extracted_from': 'H68', 'extraction_method': 'pattern_matching', 'confidence': 0.8}"
REQ_H68_244,be equipped by manual shut-off valves to minimize contact with air.,be equipped by manual shut-off valves to minimize contact with air.,General,Low,Draft,H68 - Gas Filters,Inspection,To be defined,[],"{'extracted_from': 'H68', 'extraction_method': 'pattern_matching', 'confidence': 0.8}"
REQ_H69_245,submit to SCK CEN for approval all measuring points necessary for operation and protection of the eq...,submit to SCK CEN for approval all measuring points necessary for operation and protection of the equipment.,Functional,Low,Draft,H69 - Measuring points,Inspection,To be defined,[],"{'extracted_from': 'H69', 'extraction_method': 'pattern_matching', 'confidence': 0.8}"
REQ_H69_246,be exploitable by the QPLANT:CIS,be exploitable by the QPLANT:CIS,General,Low,Draft,H69 - Measuring points,Inspection,To be defined,[],"{'extracted_from': 'H69', 'extraction_method': 'pattern_matching', 'confidence': 0.8}"
REQ_H71_247,be a horizontal cold box to fit with the building constraints (see Error! Reference source not found...,be a horizontal cold box to fit with the building constraints (see Error! Reference source not found.).,General,Low,Draft,H71 - General description,Inspection,To be defined,[],"{'extracted_from': 'H71', 'extraction_method': 'pattern_matching', 'confidence': 0.8}"
REQ_H71_248,comprise the following internal components:,comprise the following internal components:,General,Low,Draft,H71 - General description,Inspection,To be defined,[],"{'extracted_from': 'H71', 'extraction_method': 'pattern_matching', 'confidence': 0.8}"
REQ_20_249,be installed in the Cold Box room (as described in 3.6.3.),be installed in the Cold Box room (as described in 3.6.3.),General,Low,Draft,20 - K single bed adsorber,Inspection,To be defined,[],"{'extracted_from': '20', 'extraction_method': 'pattern_matching', 'confidence': 0.8}"
REQ_20_250,be agreed with SCK CEN.,be agreed with SCK CEN.,General,Low,Draft,20 - K single bed adsorber,Inspection,To be defined,[],"{'extracted_from': '20', 'extraction_method': 'pattern_matching', 'confidence': 0.8}"
REQ_20_251,provide a 3D MODEL with fudicial details for QRB-A/B/E/D – since interfacing QINFRA-A/B/D/E via the ...,provide a 3D MODEL with fudicial details for QRB-A/B/E/D – since interfacing QINFRA-A/B/D/E via the main cryogenic distribution header interconnecting the QRB with,General,Low,Draft,20 - K single bed adsorber,Inspection,To be defined,[],"{'extracted_from': '20', 'extraction_method': 'pattern_matching', 'confidence': 0.8}"
REQ_20_252,be <= 27 mbar (with a total QDB pressure drop over ~150 m of QINFRA-B <= 31 mbar,be <= 27 mbar (with a total QDB pressure drop over ~150 m of QINFRA-B <= 31 mbar,General,Low,Draft,20 - K single bed adsorber,Inspection,To be defined,[],"{'extracted_from': '20', 'extraction_method': 'pattern_matching', 'confidence': 0.8}"
REQ_H74_253,"supply, integrate, and warrant all associated equipment, controls, and interfaces.","supply, integrate, and warrant all associated equipment, controls, and interfaces.",Interface,Low,Draft,H74 - General design requirements,Inspection,To be defined,[],"{'extracted_from': 'H74', 'extraction_method': 'pattern_matching', 'confidence': 0.8}"
REQ_H74_254,submit a quantified techno-economic justification demonstrating overall benefit to QPLANT.  The just...,"submit a quantified techno-economic justification demonstrating overall benefit to QPLANT.  The justification shall, as a minimum, include:",General,Low,Draft,H74 - General design requirements,Inspection,To be defined,[],"{'extracted_from': 'H74', 'extraction_method': 'pattern_matching', 'confidence': 0.8}"
REQ_H74_255,"be installed on each process line connected to the WCS, upstream of the first cryogenic isolation de...","be installed on each process line connected to the WCS, upstream of the first cryogenic isolation device.",General,Low,Draft,H74 - General design requirements,Inspection,To be defined,[],"{'extracted_from': 'H74', 'extraction_method': 'pattern_matching', 'confidence': 0.8}"
REQ_H76_256,be designed for full internal vacuum (0 bara) and for an external overpressure of minimum 1.5 bar(g)...,be designed for full internal vacuum (0 bara) and for an external overpressure of minimum 1.5 bar(g) unless otherwise justified by the safety study.,General,Low,Draft,H76 - Vacuum vessel,Inspection,To be defined,[],"{'extracted_from': 'H76', 'extraction_method': 'pattern_matching', 'confidence': 0.8}"
REQ_H76_257,avoid any condensation or frost formation at the interfaces during any operation mode or any transit...,avoid any condensation or frost formation at the interfaces during any operation mode or any transition between operation modes of the QPLANT.,Interface,Low,Draft,H76 - Vacuum vessel,Inspection,To be defined,[],"{'extracted_from': 'H76', 'extraction_method': 'pattern_matching', 'confidence': 0.8}"
REQ_H76_258,be fabricated from stainless steel.  The vacuum vessel may be fabricated from mild steel.,be fabricated from stainless steel.  The vacuum vessel may be fabricated from mild steel.,General,Low,Draft,H76 - Vacuum vessel,Inspection,To be defined,[],"{'extracted_from': 'H76', 'extraction_method': 'pattern_matching', 'confidence': 0.8}"
REQ_H76_259,be designed to avoid the intake of any loose sheets of superinsulation into the vacuum pumps.,be designed to avoid the intake of any loose sheets of superinsulation into the vacuum pumps.,General,Low,Draft,H76 - Vacuum vessel,Inspection,To be defined,[],"{'extracted_from': 'H76', 'extraction_method': 'pattern_matching', 'confidence': 0.8}"
REQ_H76_260,be equipped with a vacuum barrier at the Cryogenic Distribution System interface.,be equipped with a vacuum barrier at the Cryogenic Distribution System interface.,Interface,Low,Draft,H76 - Vacuum vessel,Inspection,To be defined,[],"{'extracted_from': 'H76', 'extraction_method': 'pattern_matching', 'confidence': 0.8}"
REQ_H77_261,be vacuum brazed.  Stainless steel heat exchangers shall be of all-welded construction.,be vacuum brazed.  Stainless steel heat exchangers shall be of all-welded construction.,General,Low,Draft,H77 - Heat exchangers,Inspection,To be defined,[],"{'extracted_from': 'H77', 'extraction_method': 'pattern_matching', 'confidence': 0.8}"
REQ_H77_262,be provided.,be provided.,General,Low,Draft,H77 - Heat exchangers,Inspection,To be defined,[],"{'extracted_from': 'H77', 'extraction_method': 'pattern_matching', 'confidence': 0.8}"
REQ_H77_263,be arranged vertically with the warm end at the top.,be arranged vertically with the warm end at the top.,General,Low,Draft,H77 - Heat exchangers,Inspection,To be defined,[],"{'extracted_from': 'H77', 'extraction_method': 'pattern_matching', 'confidence': 0.8}"
REQ_H77_264,be measured to follow the pressure drop evolutions during operation.,be measured to follow the pressure drop evolutions during operation.,Functional,Low,Draft,H77 - Heat exchangers,Inspection,To be defined,[],"{'extracted_from': 'H77', 'extraction_method': 'pattern_matching', 'confidence': 0.8}"
REQ_H77_265,be installed to avoid solidification of nitrogen in case of important return of cold helium flow in ...,be installed to avoid solidification of nitrogen in case of important return of cold helium flow in the LP stream.,General,Medium,Draft,H77 - Heat exchangers,Inspection,To be defined,[],"{'extracted_from': 'H77', 'extraction_method': 'pattern_matching', 'confidence': 0.8}"
REQ_H78_266,be transferred to water cooled heat exchangers.  These exchangers shall have high resistance to corr...,be transferred to water cooled heat exchangers.  These exchangers shall have high resistance to corrosion.  Acceptable materials for the water channels are stainless steel and copper compatible with the water quality as described in 3.6.4.2.  The water side shall give easy access for cleaning.,General,Low,Draft,H78 - Turbines,Inspection,To be defined,[],"{'extracted_from': 'H78', 'extraction_method': 'pattern_matching', 'confidence': 0.8}"
REQ_H78_267,"include all the elements needed to isolate, warm up, purge and cool down each turbine.  This exchang...","include all the elements needed to isolate, warm up, purge and cool down each turbine.  This exchange shall be done in situ without warming up heat exchanger blocks.  Heating by circulation of gas is preferred to electrical heating for this application.",General,Low,Draft,H78 - Turbines,Inspection,To be defined,[],"{'extracted_from': 'H78', 'extraction_method': 'pattern_matching', 'confidence': 0.8}"
REQ_H78_268,not exceed 3 hours.,not exceed 3 hours.,General,Low,Draft,H78 - Turbines,Inspection,To be defined,[],"{'extracted_from': 'H78', 'extraction_method': 'pattern_matching', 'confidence': 0.8}"
REQ_H78_269,"include all the elements needed to isolate, warm up, purge and cool down each turbine.  This exchang...","include all the elements needed to isolate, warm up, purge and cool down each turbine.  This exchange shall be done in situ without warming up heat exchanger blocks.  Heating by circulation of gas is preferred to electrical heating for this application.",General,Low,Draft,H78 - Turbines,Inspection,To be defined,[],"{'extracted_from': 'H78', 'extraction_method': 'pattern_matching', 'confidence': 0.8}"
REQ_H79_270,be centrifugal compressor with active magnetic bearings.,be centrifugal compressor with active magnetic bearings.,General,Low,Draft,H79 - Cold Compressors,Inspection,To be defined,[],"{'extracted_from': 'H79', 'extraction_method': 'pattern_matching', 'confidence': 0.8}"
REQ_H79_271,provide the pressure fields (of the cold compressors).  It represents the pressure ratio as a functi...,provide the pressure fields (of the cold compressors).  It represents the pressure ratio as a function of the reduced flow for different reduced iso-speeds.  The stall and choke lines shall be provided.,Performance,Low,Draft,H79 - Cold Compressors,Inspection,To be defined,[],"{'extracted_from': 'H79', 'extraction_method': 'pattern_matching', 'confidence': 0.8}"
REQ_H79_272,be easily adjustable via rotation speed regulation using Variable Frequency Drive.  Rotational speed...,be easily adjustable via rotation speed regulation using Variable Frequency Drive.  Rotational speed of the cold compressor shall include at least 10% speed margin with respect to the maximum value encountered in the different operation modes.  The bearing system should allow the rotational speed of each cold circulator be lowered down to 30 % of nominal speed while remaining in the operational window.,Performance,Medium,Draft,H79 - Cold Compressors,Inspection,To be defined,[],"{'extracted_from': 'H79', 'extraction_method': 'pattern_matching', 'confidence': 0.8}"
REQ_H79_273,submit detailed cool-down and start-up procedures for each cold compressor as part of deliverable DD...,submit detailed cool-down and start-up procedures for each cold compressor as part of deliverable DD #7 (Operating Manual).  The procedures shall be approved by SCK CEN before Factory Acceptance Tests.,General,Low,Draft,H79 - Cold Compressors,Testing,To be defined,[],"{'extracted_from': 'H79', 'extraction_method': 'pattern_matching', 'confidence': 0.8}"
REQ_H79_274,"allow inspection, maintenance, and exchange of cold compressor.  The intervention time including the...","allow inspection, maintenance, and exchange of cold compressor.  The intervention time including the warm-up and cold compressor exchange shall be less than 4 hours.",Performance,Low,Draft,H79 - Cold Compressors,Review,To be defined,[],"{'extracted_from': 'H79', 'extraction_method': 'pattern_matching', 'confidence': 0.8}"
REQ_H80_275,be installed in the QRB: one at 2 K pumped by the cold circulators and one at 4.5 K.  The phase sepa...,be installed in the QRB: one at 2 K pumped by the cold circulators and one at 4.5 K.  The phase separators will contribute to the operation for the control of the cold compressor and for restart after a short break.,Functional,Low,Draft,H80 - Helium baths,Inspection,To be defined,[],"{'extracted_from': 'H80', 'extraction_method': 'pattern_matching', 'confidence': 0.8}"
REQ_H80_276,be sized to cope with the different operating modes and to perform the acceptance tests with stabili...,be sized to cope with the different operating modes and to perform the acceptance tests with stabilized levels.  The volume of the phase separators shall subject to approval by SCK CEN.,General,Low,Draft,H80 - Helium baths,Testing,To be defined,[],"{'extracted_from': 'H80', 'extraction_method': 'pattern_matching', 'confidence': 0.8}"
REQ_H80_277,"be equipped with electrical heaters to adjust the level of liquid helium, to empty from liquid heliu...","be equipped with electrical heaters to adjust the level of liquid helium, to empty from liquid helium and potentially to perform acceptance tests of the QPLANT.",General,Low,Draft,H80 - Helium baths,Testing,To be defined,[],"{'extracted_from': 'H80', 'extraction_method': 'pattern_matching', 'confidence': 0.8}"
REQ_H80_278,be installed at the inlet of the fluid coming from the final expansion valve into the phase separato...,be installed at the inlet of the fluid coming from the final expansion valve into the phase separators.,General,Low,Draft,H80 - Helium baths,Inspection,To be defined,[],"{'extracted_from': 'H80', 'extraction_method': 'pattern_matching', 'confidence': 0.8}"
REQ_H80_279,be adequately spaced to avoid cross connection of the helium flows.  The drawings of the helium bath...,be adequately spaced to avoid cross connection of the helium flows.  The drawings of the helium baths shall be subject to approval by SCK CEN.,General,Low,Draft,H80 - Helium baths,Inspection,To be defined,[],"{'extracted_from': 'H80', 'extraction_method': 'pattern_matching', 'confidence': 0.8}"
REQ_H81_280,be installed with an operating temperature below 85 K during cold operation modes.,be installed with an operating temperature below 85 K during cold operation modes.,Functional,Low,Draft,H81 - Adsorbers,Inspection,To be defined,[],"{'extracted_from': 'H81', 'extraction_method': 'pattern_matching', 'confidence': 0.8}"
REQ_H81_281,be sized to purify the full HP compressors flow contaminated up to 50 ppm by volume of air during a ...,be sized to purify the full HP compressors flow contaminated up to 50 ppm by volume of air during a time that shall be designed by the Contractor.,Performance,Low,Draft,H81 - Adsorbers,Inspection,To be defined,[],"{'extracted_from': 'H81', 'extraction_method': 'pattern_matching', 'confidence': 0.8}"
REQ_H81_282,design the adsorption/regeneration time to guarantee continuous operation.,design the adsorption/regeneration time to guarantee continuous operation.,Performance,Low,Draft,H81 - Adsorbers,Inspection,To be defined,[],"{'extracted_from': 'H81', 'extraction_method': 'pattern_matching', 'confidence': 0.8}"
REQ_H81_283,be included.  A by-pass between outlet of switchable 80K adsorbers and LP line of the QRB shall be i...,be included.  A by-pass between outlet of switchable 80K adsorbers and LP line of the QRB shall be installed which could be used for helium purification.,General,Low,Draft,H81 - Adsorbers,Inspection,To be defined,[],"{'extracted_from': 'H81', 'extraction_method': 'pattern_matching', 'confidence': 0.8}"
REQ_H81_284,be installed to remove from the process cycle the remaining impurities of neon and hydrogen.,be installed to remove from the process cycle the remaining impurities of neon and hydrogen.,General,Low,Draft,H81 - Adsorbers,Inspection,To be defined,[],"{'extracted_from': 'H81', 'extraction_method': 'pattern_matching', 'confidence': 0.8}"
REQ_H81_285,be sized to retain impurities of the full helium flow contaminated up to 1 ppm by volume of hydrogen...,"be sized to retain impurities of the full helium flow contaminated up to 1 ppm by volume of hydrogen and neon each, for a duration of at least 200 hours.",General,Low,Draft,H81 - Adsorbers,Inspection,To be defined,[],"{'extracted_from': 'H81', 'extraction_method': 'pattern_matching', 'confidence': 0.8}"
REQ_H81_286,be supplied.  It shall be possible to regenerate and re-cool the contaminated adsorber with the QRB ...,be supplied.  It shall be possible to regenerate and re-cool the contaminated adsorber with the QRB operating within 12 hours.,General,Low,Draft,H81 - Adsorbers,Inspection,To be defined,[],"{'extracted_from': 'H81', 'extraction_method': 'pattern_matching', 'confidence': 0.8}"
REQ_H81_287,be equipped with a by-pass allowing to pass the full helium mass flow rates relevant for all operati...,be equipped with a by-pass allowing to pass the full helium mass flow rates relevant for all operating modes.,General,Low,Draft,H81 - Adsorbers,Inspection,To be defined,[],"{'extracted_from': 'H81', 'extraction_method': 'pattern_matching', 'confidence': 0.8}"
REQ_H81_288,allow access for the periodic change of the adsorbent.,allow access for the periodic change of the adsorbent.,General,Low,Draft,H81 - Adsorbers,Inspection,To be defined,[],"{'extracted_from': 'H81', 'extraction_method': 'pattern_matching', 'confidence': 0.8}"
REQ_H81_289,avoid any movement of the adsorbent and any emission of dust.  The adsorbent material shall be chemi...,avoid any movement of the adsorbent and any emission of dust.  The adsorbent material shall be chemically and mechanically stable under any operating conditions.,General,Low,Draft,H81 - Adsorbers,Inspection,To be defined,[],"{'extracted_from': 'H81', 'extraction_method': 'pattern_matching', 'confidence': 0.8}"
REQ_H81_290,be also equipped with gas analysis ports (cfr.  0).,be also equipped with gas analysis ports (cfr.  0).,General,Low,Draft,H81 - Adsorbers,Analysis,To be defined,[],"{'extracted_from': 'H81', 'extraction_method': 'pattern_matching', 'confidence': 0.8}"
REQ_H82_291,be installed.  Filters of 10 µm retention ability shall be installed at the inlet of turbines.  The ...,be installed.  Filters of 10 µm retention ability shall be installed at the inlet of turbines.  The Contractor shall decide the number and positions of any additional filters required.,General,Low,Draft,H82 - Filters,Inspection,To be defined,[],"{'extracted_from': 'H82', 'extraction_method': 'pattern_matching', 'confidence': 0.8}"
REQ_H82_292,be accessible for cleaning and purging in a way to be proposed by the Contractor considering the ope...,"be accessible for cleaning and purging in a way to be proposed by the Contractor considering the operation scenario requirements (3.2.1).  On the vacuum vessel, openings shall be installed to allow access to the filters to be changed.  All filters are to be designed such that no dust collected can fall into the connected piping during replacement.",Functional,Low,Draft,H82 - Filters,Inspection,To be defined,[],"{'extracted_from': 'H82', 'extraction_method': 'pattern_matching', 'confidence': 0.8}"
REQ_H83_293,"install heaters wherever necessary to permit a full warm-up of all the circuits, including cryogenic...","install heaters wherever necessary to permit a full warm-up of all the circuits, including cryogenic distribution and the cryomodules as described in 0.  Heaters shall also be used to demonstrate the QPLANT performance during the Acceptance Tests.",Performance,Low,Draft,H83 - Heaters,Testing,To be defined,[],"{'extracted_from': 'H83', 'extraction_method': 'pattern_matching', 'confidence': 0.8}"
REQ_H83_294,specify the installed heating capacity (kW) and physical location of every heater and shall obtain S...,specify the installed heating capacity (kW) and physical location of every heater and shall obtain SCK CEN approval to verify integration compatibility and fitness for purpose.,Interface,Low,Draft,H83 - Heaters,Testing,To be defined,[],"{'extracted_from': 'H83', 'extraction_method': 'pattern_matching', 'confidence': 0.8}"
REQ_H83_295,be designed to minimize the heat loads to cold surfaces using necessary thermalization and optimized...,be designed to minimize the heat loads to cold surfaces using necessary thermalization and optimized wiring diameters.,General,Low,Draft,H83 - Heaters,Inspection,To be defined,[],"{'extracted_from': 'H83', 'extraction_method': 'pattern_matching', 'confidence': 0.8}"
REQ_H83_296,be considered in line with the requirement RTM-064.,be considered in line with the requirement RTM-064.,General,Low,Draft,H83 - Heaters,Inspection,To be defined,[],"{'extracted_from': 'H83', 'extraction_method': 'pattern_matching', 'confidence': 0.8}"
REQ_H84_297,"install, calibrate, and make available to the QPLANT:CIS all measuring points required for safe oper...","install, calibrate, and make available to the QPLANT:CIS all measuring points required for safe operation, control, and protection of the QRB.  At a minimum, the Contractor shall implement the measuring points listed in Table 8.  All signals shall be exploitable by the QPLANT:CIS, logged at a rate ≤ 1 Hz, and designed for continuous operation.",Functional,Low,Draft,H84 - Measuring Points,Inspection,To be defined,[],"{'extracted_from': 'H84', 'extraction_method': 'pattern_matching', 'confidence': 0.8}"
REQ_H85_298,"calculate the total helium inventory required for the complete Cryogenic System, including QPLANT an...","calculate the total helium inventory required for the complete Cryogenic System, including QPLANT and all helium users listed in Table 8.  This calculation shall be provided regardless of whether Option 1 (on-site storage) is awarded.",General,Low,Draft,H85 - Warm Storage Helium (Option 1),Analysis,To be defined,[],"{'extracted_from': 'H85', 'extraction_method': 'pattern_matching', 'confidence': 0.8}"
REQ_H85_299,dimension the full helium inventory.  The Contractor shall calculate the total helium inventory requ...,"dimension the full helium inventory.  The Contractor shall calculate the total helium inventory required for the complete Cryogenic System, including QPLANT and all helium users listed in Table 8.  This calculation shall be provided regardless of whether Option 1 (on-site storage) is awarded.",General,Low,Draft,H85 - Warm Storage Helium (Option 1),Analysis,To be defined,[],"{'extracted_from': 'H85', 'extraction_method': 'pattern_matching', 'confidence': 0.8}"
REQ_H86_300,"calculate the total helium inventory required for the Cryogenic System, including QPLANT and all hel...","calculate the total helium inventory required for the Cryogenic System, including QPLANT and all helium users listed in Table 8.  This obligation applies irrespective of Option 1 execution.",General,Low,Draft,H86 - Inventory and Storage Philosophy,Inspection,To be defined,[],"{'extracted_from': 'H86', 'extraction_method': 'pattern_matching', 'confidence': 0.8}"
REQ_H86_301,be dimensioned to hold the entire calculated inventory in accordance with all operational modes and ...,be dimensioned to hold the entire calculated inventory in accordance with all operational modes and helium availability constraints.,Functional,Low,Draft,H86 - Inventory and Storage Philosophy,Inspection,To be defined,[],"{'extracted_from': 'H86', 'extraction_method': 'pattern_matching', 'confidence': 0.8}"
REQ_H86_302,be used as the reference storage pressure when determining the required vessel volume.,be used as the reference storage pressure when determining the required vessel volume.,General,Low,Draft,H86 - Inventory and Storage Philosophy,Inspection,To be defined,[],"{'extracted_from': 'H86', 'extraction_method': 'pattern_matching', 'confidence': 0.8}"
REQ_H86_303,consider a minimum of three (3) storage vessels to hold the total helium inventory.  This configurat...,"consider a minimum of three (3) storage vessels to hold the total helium inventory.  This configuration shall ensure operational flexibility, maintainability, and robustness during cyclic operation or partial unavailability of vessels.",Functional,Low,Draft,H86 - Inventory and Storage Philosophy,Inspection,To be defined,[],"{'extracted_from': 'H86', 'extraction_method': 'pattern_matching', 'confidence': 0.8}"
REQ_H86_304,be applied to the helium inventory to compensate for losses and ensure contingency storage.,be applied to the helium inventory to compensate for losses and ensure contingency storage.,General,Low,Draft,H86 - Inventory and Storage Philosophy,Inspection,To be defined,[],"{'extracted_from': 'H86', 'extraction_method': 'pattern_matching', 'confidence': 0.8}"
REQ_H86_305,"be installed outdoors and oriented vertically to minimize footprint, in accordance with [AD 1].  The...","be installed outdoors and oriented vertically to minimize footprint, in accordance with [AD 1].  The final layout, volumes, and positioning shall be proposed by the Contractor and validated by SCK CEN during the conceptual design phase.",General,Low,Draft,H86 - Inventory and Storage Philosophy,Inspection,To be defined,[],"{'extracted_from': 'H86', 'extraction_method': 'pattern_matching', 'confidence': 0.8}"
REQ_H86_306,"address supply continuity for critical fluids (helium, nitrogen), including:","address supply continuity for critical fluids (helium, nitrogen), including:",General,High,Draft,H86 - Inventory and Storage Philosophy,Inspection,To be defined,[],"{'extracted_from': 'H86', 'extraction_method': 'pattern_matching', 'confidence': 0.8}"
REQ_H87_307,"the preliminary foundation loads (including dead weight, operating loads, wind, seismic, and transpo...","the preliminary foundation loads (including dead weight, operating loads, wind, seismic, and transport conditions) for all storage vessels.  These loads shall be compatible with and constrained by the floor load limits of the ACC/NF site, which shall be considered as enveloping design constraints.  This also applicable to all floor loads",General,Low,Draft,"H87 - Foundation, Design, and Code Compliance",Inspection,To be defined,[],"{'extracted_from': 'H87', 'extraction_method': 'pattern_matching', 'confidence': 0.8}"
REQ_H87_308,"be fully responsible for the design, dimensioning, and mechanical verification of the helium storage...","be fully responsible for the design, dimensioning, and mechanical verification of the helium storage vessels.",General,Low,Draft,"H87 - Foundation, Design, and Code Compliance",Inspection,To be defined,[],"{'extracted_from': 'H87', 'extraction_method': 'pattern_matching', 'confidence': 0.8}"
REQ_H87_309,submit final foundation design data and vessel interface loads as part of the detailed design delive...,submit final foundation design data and vessel interface loads as part of the detailed design deliverables.,Interface,Low,Draft,"H87 - Foundation, Design, and Code Compliance",Inspection,To be defined,[],"{'extracted_from': 'H87', 'extraction_method': 'pattern_matching', 'confidence': 0.8}"
REQ_H87_310,be equipped with at least one inspection manhole to permit internal access for periodic inspection.,be equipped with at least one inspection manhole to permit internal access for periodic inspection.,General,Low,Draft,"H87 - Foundation, Design, and Code Compliance",Review,To be defined,[],"{'extracted_from': 'H87', 'extraction_method': 'pattern_matching', 'confidence': 0.8}"
REQ_H87_311,"prepare a technical specification for the vessels (ref. AD 14) covering surface cleaning, corrosion ...","prepare a technical specification for the vessels (ref. AD 14) covering surface cleaning, corrosion protection, inner-surface treatment (e.g., Rustol/Owatrol or equivalent), outer-surface coating,",General,Low,Draft,"H87 - Foundation, Design, and Code Compliance",Inspection,To be defined,[],"{'extracted_from': 'H87', 'extraction_method': 'pattern_matching', 'confidence': 0.8}"
REQ_H88_312,"be fitted with all valves and ports required for purging, conditioning, and gas analysis.","be fitted with all valves and ports required for purging, conditioning, and gas analysis.",General,Low,Draft,"H88 - Piping, Instrumentation, and Operation",Analysis,To be defined,[],"{'extracted_from': 'H88', 'extraction_method': 'pattern_matching', 'confidence': 0.8}"
REQ_H88_313,be interconnected by valves and connected to both the LP and HP sides of the WCS via automatic valve...,be interconnected by valves and connected to both the LP and HP sides of the WCS via automatic valves to regulate process pressures.,General,Low,Draft,"H88 - Piping, Instrumentation, and Operation",Inspection,To be defined,[],"{'extracted_from': 'H88', 'extraction_method': 'pattern_matching', 'confidence': 0.8}"
REQ_H88_314,be integrated into the main control panel of the Warm Compressor Station (WCS).  This panel shall al...,"be integrated into the main control panel of the Warm Compressor Station (WCS).  This panel shall allow local operation of valve switching, isolation, and vessel selection functions associated with the helium storage system.",Functional,Low,Draft,"H88 - Piping, Instrumentation, and Operation",Inspection,To be defined,[],"{'extracted_from': 'H88', 'extraction_method': 'pattern_matching', 'confidence': 0.8}"
REQ_H89_315,be exploitable by the QPLANT:CIS.,be exploitable by the QPLANT:CIS.,General,Low,Draft,H89 - Measuring points,Inspection,To be defined,[],"{'extracted_from': 'H89', 'extraction_method': 'pattern_matching', 'confidence': 0.8}"
REQ_H91_316,"be designed specifically for the local control of the QPLANT and the helium storage system, ensuring...","be designed specifically for the local control of the QPLANT and the helium storage system, ensuring that all cryogenic processes operate safely and efficiently on site.",General,Low,Draft,H91 - Overview,Inspection,To be defined,[],"{'extracted_from': 'H91', 'extraction_method': 'pattern_matching', 'confidence': 0.8}"
REQ_H93_317,"support real-time monitoring of instrument health (drift, dropout, deviation from expected range) wi...","support real-time monitoring of instrument health (drift, dropout, deviation from expected range) with alarms and diagnostic flags for early fault detection.",Performance,Low,Draft,H93 - Control System Requirements,Inspection,To be defined,[],"{'extracted_from': 'H93', 'extraction_method': 'pattern_matching', 'confidence': 0.8}"
REQ_H94_318,incorporate all components shown in green in the reference architecture defined in Figure 7.  It sha...,"incorporate all components shown in green in the reference architecture defined in Figure 7.  It shall also include any additional systems or subsystems required to meet overall cryogenic system performance, functional, and safety objectives.",Performance,Low,Draft,"H94 - Architecture, Autonomy, and Vendor Scope",Inspection,To be defined,[],"{'extracted_from': 'H94', 'extraction_method': 'pattern_matching', 'confidence': 0.8}"
REQ_H94_319,"use a commercially available, industrial-grade control platform with documented lifecycle support an...","use a commercially available, industrial-grade control platform with documented lifecycle support and vendor independence.  It shall meet applicable safety, performance, and reliability standards and be compliant with all relevant regulatory frameworks.",Performance,Low,Draft,"H94 - Architecture, Autonomy, and Vendor Scope",Inspection,To be defined,[],"{'extracted_from': 'H94', 'extraction_method': 'pattern_matching', 'confidence': 0.8}"
REQ_H94_320,"enable autonomous operation of the QPLANT across all defined operational scenarios and transitions, ...","enable autonomous operation of the QPLANT across all defined operational scenarios and transitions, without requiring operator intervention.",Functional,Low,Draft,"H94 - Architecture, Autonomy, and Vendor Scope",Inspection,To be defined,[],"{'extracted_from': 'H94', 'extraction_method': 'pattern_matching', 'confidence': 0.8}"
REQ_H95_321,"deliver a dedicated, fit-for-purpose Test System for QPLANT and QPLANT:CIS are the System Under Test...","deliver a dedicated, fit-for-purpose Test System for QPLANT and QPLANT:CIS are the System Under Test (SUT) for functional testing, validation, and commissioning of the QPLANT and QPLANT:CIS.",Functional,Low,Draft,H95 - Test System for Functional Verification,Testing,To be defined,[],"{'extracted_from': 'H95', 'extraction_method': 'pattern_matching', 'confidence': 0.8}"
REQ_H95_322,"emulate key operational states including normal start-up, shutdown, transients, degraded modes, and ...","emulate key operational states including normal start-up, shutdown, transients, degraded modes, and fallback conditions.",Functional,Low,Draft,H95 - Test System for Functional Verification,Inspection,To be defined,[],"{'extracted_from': 'H95', 'extraction_method': 'pattern_matching', 'confidence': 0.8}"
REQ_H95_323,"enable alarm logic verification, interlock testing, and diagnostic evaluation without reliance on th...","enable alarm logic verification, interlock testing, and diagnostic evaluation without reliance on the live operational system.",Functional,Low,Draft,H95 - Test System for Functional Verification,Testing,To be defined,[],"{'extracted_from': 'H95', 'extraction_method': 'pattern_matching', 'confidence': 0.8}"
REQ_H96_324,"use certified, validated, or standards-compliant toolsets (e.g., Simulink®, SimCryogenics, or approv...","use certified, validated, or standards-compliant toolsets (e.g., Simulink®, SimCryogenics, or approved statistical/ML models).",General,Low,Draft,H96 - Process Model,Inspection,To be defined,[],"{'extracted_from': 'H96', 'extraction_method': 'pattern_matching', 'confidence': 0.8}"
REQ_H96_325,"support operator training, failure simulation, diagnostics, and maintenance planning.","support operator training, failure simulation, diagnostics, and maintenance planning.",General,Low,Draft,H96 - Process Model,Inspection,To be defined,[],"{'extracted_from': 'H96', 'extraction_method': 'pattern_matching', 'confidence': 0.8}"
REQ_H96_326,"enable future integration into the control system to support virtual sensors, inference algorithms, ...","enable future integration into the control system to support virtual sensors, inference algorithms, and predictive diagnostics.",Interface,Low,Draft,H96 - Process Model,Inspection,To be defined,[],"{'extracted_from': 'H96', 'extraction_method': 'pattern_matching', 'confidence': 0.8}"
REQ_H97_327,"(If no digital model is proposed), the justify its exclusion by providing a cost-benefit or risk-bas...","(If no digital model is proposed), the justify its exclusion by providing a cost-benefit or risk-based rationale and shall describe the alternative approach to be used for commissioning, fault simulation, diagnostics, and operator training.  Describe the alternate approach for supporting commissioning, fault simulation, diagnostics, and training.",General,Low,Draft,H97 - Model Exclusion – Justification Path,Inspection,To be defined,[],"{'extracted_from': 'H97', 'extraction_method': 'pattern_matching', 'confidence': 0.8}"
REQ_H98_328,supply and regulate helium mass flow rate and supply temperature at the QCELL interface.  The contro...,"supply and regulate helium mass flow rate and supply temperature at the QCELL interface.  The control system shall enforce configurable ramp-rate limits (e.g., 4 K/h) to maintain QCELL thermal stability during cooldown/warm-up.",Interface,Low,Draft,H98 - Cryogenic System Control and MCS Integration,Inspection,To be defined,[],"{'extracted_from': 'H98', 'extraction_method': 'pattern_matching', 'confidence': 0.8}"
REQ_H98_329,"communicate with the Broker (via MCS) at an update rate of at least 1 Hz, providing live telemetry a...","communicate with the Broker (via MCS) at an update rate of at least 1 Hz, providing live telemetry and receiving operational constraints or setpoints related to QCELL control.",Functional,Low,Draft,H98 - Cryogenic System Control and MCS Integration,Inspection,To be defined,[],"{'extracted_from': 'H98', 'extraction_method': 'pattern_matching', 'confidence': 0.8}"
REQ_H98_330,be routed through the Main Control System (MCS) to ensure centralized visibility and unified supervi...,"be routed through the Main Control System (MCS) to ensure centralized visibility and unified supervision across QPLANT, QRB, and QCELL domains.",General,Low,Draft,H98 - Cryogenic System Control and MCS Integration,Inspection,To be defined,[],"{'extracted_from': 'H98', 'extraction_method': 'pattern_matching', 'confidence': 0.8}"
REQ_H98_331,"integrate the helium recovery system into the QPLANT:CIS, supporting system monitoring, isolation-mo...","integrate the helium recovery system into the QPLANT:CIS, supporting system monitoring, isolation-mode execution, and recovery logic.  The control integration shall conform to the signal interface and diagnostic framework of the QPLANT:CIS.",Interface,Low,Draft,H98 - Cryogenic System Control and MCS Integration,Inspection,To be defined,[],"{'extracted_from': 'H98', 'extraction_method': 'pattern_matching', 'confidence': 0.8}"
REQ_H99_332,incorporate at least the components shown in green in the reference architecture defined in Error! R...,"incorporate at least the components shown in green in the reference architecture defined in Error! Reference source not found..  Furthermore, it shall include any additional systems or subsystems required to meet the overall performance, functionality, and safety objectives of the cryogenic plant.",Performance,Low,Draft,H99 - QPLANT:CIS systems and components,Inspection,To be defined,[],"{'extracted_from': 'H99', 'extraction_method': 'pattern_matching', 'confidence': 0.8}"
REQ_H99_333,enable autonomous operation (without operator intervention) of the QPLANT across all specified scena...,enable autonomous operation (without operator intervention) of the QPLANT across all specified scenarios and transitions between them.,Functional,Low,Draft,H99 - QPLANT:CIS systems and components,Inspection,To be defined,[],"{'extracted_from': 'H99', 'extraction_method': 'pattern_matching', 'confidence': 0.8}"
REQ_H99_334,supply and regulate the mass flow rate and supply temperature at the QPLANT–QCELL interface (via QIN...,"supply and regulate the mass flow rate and supply temperature at the QPLANT–QCELL interface (via QINFRA to QRB in the coldbox room), such that the temperature change rate—during both cool-down and warm-up—of each QCELL remains within predefined and controlled limits.  The temperature change rate is defined as the maximum allowable rate of change of the internal QCELL temperature, expressed in K/h (e.g., 4 K/h).  These limits shall be adjustable via QPLANT:CIS  depending on the thermal inertia of each QCELL and the operational mode to form part of process design and general control methodologies (Concept and Detailed Design).",Interface,Low,Draft,H99 - QPLANT:CIS systems and components,Inspection,To be defined,[],"{'extracted_from': 'H99', 'extraction_method': 'pattern_matching', 'confidence': 0.8}"
REQ_H99_335,"support bidirectional communication with the Broker, exchanging real-time operational and control si...","support bidirectional communication with the Broker, exchanging real-time operational and control signals at an update rate of 1 Hz.  This will be used by the Broker system, implemented within MCS, to actively control and enforce this temperature change rate by issuing setpoints and operational constraints to the QPLANT.",Performance,Low,Draft,H99 - QPLANT:CIS systems and components,Inspection,To be defined,[],"{'extracted_from': 'H99', 'extraction_method': 'pattern_matching', 'confidence': 0.8}"
REQ_H100_336,requirement AD 5.,requirement AD 5.,General,Low,Draft,H100 - General Software and Hardware Requirements,Inspection,To be defined,[],"{'extracted_from': 'H100', 'extraction_method': 'pattern_matching', 'confidence': 0.8}"
REQ_H100_337,follow the applicable sections from the General Software and Hardware Requirements for Contractors (...,"follow the applicable sections from the General Software and Hardware Requirements for Contractors (GSHRC) containing quality and other requirements related to software, firmware, and interoperability.  The table below contains a specific instruction to the respective requirement AD 5.",General,Low,Draft,H100 - General Software and Hardware Requirements,Inspection,To be defined,[],"{'extracted_from': 'H100', 'extraction_method': 'pattern_matching', 'confidence': 0.8}"
REQ_H100_338,continue to operate as long as the systems safety as well as personnel safety are guaranteed.,continue to operate as long as the systems safety as well as personnel safety are guaranteed.,General,Low,Draft,H100 - General Software and Hardware Requirements,Inspection,To be defined,[],"{'extracted_from': 'H100', 'extraction_method': 'pattern_matching', 'confidence': 0.8}"
REQ_H100_339,be available to the remote-control interface with MCS.,be available to the remote-control interface with MCS.,Interface,Low,Draft,H100 - General Software and Hardware Requirements,Inspection,To be defined,[],"{'extracted_from': 'H100', 'extraction_method': 'pattern_matching', 'confidence': 0.8}"
REQ_H100_340,not be writable through the remote-control interface.,not be writable through the remote-control interface.,Interface,Low,Draft,H100 - General Software and Hardware Requirements,Inspection,To be defined,[],"{'extracted_from': 'H100', 'extraction_method': 'pattern_matching', 'confidence': 0.8}"
REQ_H100_341,allow every sensor value to be set by the operator (mode maintenance) to be interpreted by the QPLAN...,allow every sensor value to be set by the operator (mode maintenance) to be interpreted by the QPLANT:CIS as it is the real value coming from the sensor.,General,Low,Draft,H100 - General Software and Hardware Requirements,Inspection,To be defined,[],"{'extracted_from': 'H100', 'extraction_method': 'pattern_matching', 'confidence': 0.8}"
REQ_H100_342,be accessible in QPLANT:CIS.,be accessible in QPLANT:CIS.,General,Low,Draft,H100 - General Software and Hardware Requirements,Inspection,To be defined,[],"{'extracted_from': 'H100', 'extraction_method': 'pattern_matching', 'confidence': 0.8}"
REQ_H101_343,be provided to SCK CEN:,be provided to SCK CEN:,General,Low,Draft,H101 - Software development,Inspection,To be defined,[],"{'extracted_from': 'H101', 'extraction_method': 'pattern_matching', 'confidence': 0.8}"
REQ_H101_344,provide sufficient detail deemed representative of the anticipated software development scope and fi...,"provide sufficient detail deemed representative of the anticipated software development scope and fixed-price offer, including assumptions, planned methodologies, and architectural breakdown.",General,Low,Draft,H101 - Software development,Inspection,To be defined,[],"{'extracted_from': 'H101', 'extraction_method': 'pattern_matching', 'confidence': 0.8}"
REQ_H101_345,be programmed in full compliance with the IEC 61131-3 standard.,be programmed in full compliance with the IEC 61131-3 standard.,General,Low,Draft,H101 - Software development,Inspection,To be defined,[],"{'extracted_from': 'H101', 'extraction_method': 'pattern_matching', 'confidence': 0.8}"
REQ_H101_346,be in English.,be in English.,General,Low,Draft,H101 - Software development,Inspection,To be defined,[],"{'extracted_from': 'H101', 'extraction_method': 'pattern_matching', 'confidence': 0.8}"
REQ_H101_347,develop a functional analysis and a detailed description of all control scenarios including interfac...,develop a functional analysis and a detailed description of all control scenarios including interfaces.  The detailed description shall also include program sequence plan (functions and procedures used in the program).,Interface,Low,Draft,H101 - Software development,Analysis,To be defined,[],"{'extracted_from': 'H101', 'extraction_method': 'pattern_matching', 'confidence': 0.8}"
REQ_H101_348,"provide a detailed preliminary functional analysis and indicative control sequence plan, representat...","provide a detailed preliminary functional analysis and indicative control sequence plan, representative of the anticipated implementation.  This shall include key functions, procedural steps, and interface interactions necessary to support evaluation of scope, architecture complexity, and design maturity.",Interface,Low,Draft,H101 - Software development,Analysis,To be defined,[],"{'extracted_from': 'H101', 'extraction_method': 'pattern_matching', 'confidence': 0.8}"
REQ_H101_349,reflect a fixed-price offer and anticipated development consistent with the proposed control strateg...,reflect a fixed-price offer and anticipated development consistent with the proposed control strategy.,General,Low,Draft,H101 - Software development,Inspection,To be defined,[],"{'extracted_from': 'H101', 'extraction_method': 'pattern_matching', 'confidence': 0.8}"
REQ_H101_350,provide a detailed description of the logical conditions and input states that govern the activation...,"provide a detailed description of the logical conditions and input states that govern the activation, value assignment, or change of each output parameter.",General,Low,Draft,H101 - Software development,Inspection,To be defined,[],"{'extracted_from': 'H101', 'extraction_method': 'pattern_matching', 'confidence': 0.8}"
REQ_H101_351,"include a unique version identifier that uniquely represents the build date and Git commit hash, aut...","include a unique version identifier that uniquely represents the build date and Git commit hash, automatically generated during the build process to ensure traceability; this identifier shall be retrievable in a consistent and read-only manner through the MCS control and monitoring interface.",Interface,Low,Draft,H101 - Software development,Inspection,To be defined,[],"{'extracted_from': 'H101', 'extraction_method': 'pattern_matching', 'confidence': 0.8}"
REQ_H102_352,"be rigorously tested in a staging environment.  This minimizes risks of integration issues with MCS,...","be rigorously tested in a staging environment.  This minimizes risks of integration issues with MCS, MIT, MIS, or any interfacing systems and downtime of the QPLANT.",Performance,Low,Draft,H102 - Software Change Management,Testing,To be defined,[],"{'extracted_from': 'H102', 'extraction_method': 'pattern_matching', 'confidence': 0.8}"
REQ_H102_353,"use a dedicated test environment that replicates the production system's configuration, functionalit...","use a dedicated test environment that replicates the production system's configuration, functionality, and critical interfaces for software changes.  This environment may be virtual, physical or a combination.",Interface,High,Draft,H102 - Software Change Management,Testing,To be defined,[],"{'extracted_from': 'H102', 'extraction_method': 'pattern_matching', 'confidence': 0.8}"
REQ_H102_354,mirror the production system to a level that allows reliable validation of all changes under simulat...,"mirror the production system to a level that allows reliable validation of all changes under simulated real-world conditions, including performance, response time and stress scenarios.",Performance,Low,Draft,H102 - Software Change Management,Inspection,To be defined,[],"{'extracted_from': 'H102', 'extraction_method': 'pattern_matching', 'confidence': 0.8}"
REQ_H102_355,"undergo rigorous functional, integration, and regression testing in the staging environment before d...","undergo rigorous functional, integration, and regression testing in the staging environment before deployment to the production system.",Interface,Low,Draft,H102 - Software Change Management,Testing,To be defined,[],"{'extracted_from': 'H102', 'extraction_method': 'pattern_matching', 'confidence': 0.8}"
REQ_H102_356,be implemented on the production system without prior approval based on documented test results and ...,be implemented on the production system without prior approval based on documented test results and validation in the test environment.,General,Low,Draft,H102 - Software Change Management,Testing,To be defined,[],"{'extracted_from': 'H102', 'extraction_method': 'pattern_matching', 'confidence': 0.8}"
REQ_H102_357,provide a pre-tested rollback plan to ensure the system can be restored promptly to its previous sta...,provide a pre-tested rollback plan to ensure the system can be restored promptly to its previous state in case of issues.,General,Low,Draft,H102 - Software Change Management,Testing,To be defined,[],"{'extracted_from': 'H102', 'extraction_method': 'pattern_matching', 'confidence': 0.8}"
REQ_H102_358,"be tracked in a version control system with an audit trail, providing clear documentation of modific...","be tracked in a version control system with an audit trail, providing clear documentation of modifications and approvals.",General,Low,Draft,H102 - Software Change Management,Inspection,To be defined,[],"{'extracted_from': 'H102', 'extraction_method': 'pattern_matching', 'confidence': 0.8}"
REQ_H102_359,"be designed and tested to ensure minimal impact on system availability during deployment, including ...","be designed and tested to ensure minimal impact on system availability during deployment, including options for hot-swapping or scheduled maintenance windows.",General,Low,Draft,H102 - Software Change Management,Testing,To be defined,[],"{'extracted_from': 'H102', 'extraction_method': 'pattern_matching', 'confidence': 0.8}"
REQ_H102_360,guarantee that all testing activities in the staging environment remain completely isolated from pro...,guarantee that all testing activities in the staging environment remain completely isolated from production operations to prevent any unintended disruptions.,Functional,Low,Draft,H102 - Software Change Management,Testing,To be defined,[],"{'extracted_from': 'H102', 'extraction_method': 'pattern_matching', 'confidence': 0.8}"
REQ_H102_361,"also be adhered to for any changes made after delivery, ensuring compliance with safety, environment...","also be adhered to for any changes made after delivery, ensuring compliance with safety, environmental, and industry standards.",General,Low,Draft,H102 - Software Change Management,Inspection,To be defined,[],"{'extracted_from': 'H102', 'extraction_method': 'pattern_matching', 'confidence': 0.8}"
REQ_H102_362,collaborate with stakeholders to evaluate and improve the testing and change management process base...,collaborate with stakeholders to evaluate and improve the testing and change management process based on operational feedback and lessons learned.,Functional,Low,Draft,H102 - Software Change Management,Testing,To be defined,[],"{'extracted_from': 'H102', 'extraction_method': 'pattern_matching', 'confidence': 0.8}"
REQ_H103_363,deliver local operator stations to provide local data collection and reporting for the QPLANT system...,deliver local operator stations to provide local data collection and reporting for the QPLANT system to support maintenance activities.  As a minimum one is expected in the Compressor Room and one in the Cold Box Room.,General,Low,Draft,H103 - Human Machine Interface (HMI),Inspection,To be defined,[],"{'extracted_from': 'H103', 'extraction_method': 'pattern_matching', 'confidence': 0.8}"
REQ_H103_364,not deliver or implement an enterprise level QPLANT SCADA system (multi-user or multi-server archite...,not deliver or implement an enterprise level QPLANT SCADA system (multi-user or multi-server architecture) as part of the scope.,General,Low,Draft,H103 - Human Machine Interface (HMI),Inspection,To be defined,[],"{'extracted_from': 'H103', 'extraction_method': 'pattern_matching', 'confidence': 0.8}"
REQ_H103_365,deliver and implement a temporary QPLANT SCADA system exclusively for use during the standalone comm...,"deliver and implement a temporary QPLANT SCADA system exclusively for use during the standalone commissioning phase.  This solution is intended solely to support initial testing, commissioning, and operator training, and should be decommissioned and replaced by the MCS solution once integration is realized.  This temporary system shall also be used as reference design for the development of the MCS Navigator therefor sufficient documentation is required.",Interface,Medium,Draft,H103 - Human Machine Interface (HMI),Testing,To be defined,[],"{'extracted_from': 'H103', 'extraction_method': 'pattern_matching', 'confidence': 0.8}"
REQ_H103_366,"provide support for integration of the QPLANT:CIS with the MCS Navigator.  This includes, but is not...","provide support for integration of the QPLANT:CIS with the MCS Navigator.  This includes, but is not limited to:",Interface,Low,Draft,H103 - Human Machine Interface (HMI),Inspection,To be defined,[],"{'extracted_from': 'H103', 'extraction_method': 'pattern_matching', 'confidence': 0.8}"
REQ_H103_367,ensure that the operator stations (whether HMI panels or dedicated Industrial touch PCs) are based o...,"ensure that the operator stations (whether HMI panels or dedicated Industrial touch PCs) are based on industrial-grade hardware specifically designed for continuous operation in a production environment.  This includes robust construction, compatibility with the QPLANT’s environmental conditions (temperature, dust, vibrations, ...), and adherence to relevant industrial standards.",Functional,Low,Draft,H103 - Human Machine Interface (HMI),Inspection,To be defined,[],"{'extracted_from': 'H103', 'extraction_method': 'pattern_matching', 'confidence': 0.8}"
REQ_H103_368,"be supported with software updates, firmware updates, and security patches for a minimum of 20 years...","be supported with software updates, firmware updates, and security patches for a minimum of 20 years from the date of commissioning.  The Contractor shall provide documentation or official manufacturer statements guaranteeing availability of updates throughout this period.",Security,Low,Draft,H103 - Human Machine Interface (HMI),Inspection,To be defined,[],"{'extracted_from': 'H103', 'extraction_method': 'pattern_matching', 'confidence': 0.8}"
REQ_H103_369,explicitly address the obsolescence management strategy for the proposed PLC or control system platf...,"explicitly address the obsolescence management strategy for the proposed PLC or control system platform, considering the anticipated forty (40) year operational lifetime of QPLANT.  This shall include:",Performance,Low,Draft,H103 - Human Machine Interface (HMI),Inspection,To be defined,[],"{'extracted_from': 'H103', 'extraction_method': 'pattern_matching', 'confidence': 0.8}"
REQ_H104_370,be designed in such a way that it can be migrated to newer hardware of the same manufacturer if the ...,be designed in such a way that it can be migrated to newer hardware of the same manufacturer if the originally delivered hardware becomes obsolete or requires upgrade.  This includes ensuring future compatibility of project files and software licenses and providing guidelines for seamless transfer of project data and configurations.,General,Low,Draft,H104 - Migration to Newer Hardware,Inspection,To be defined,[],"{'extracted_from': 'H104', 'extraction_method': 'pattern_matching', 'confidence': 0.8}"
REQ_H104_371,have a minimum diagonal size of 24 inches to ensure sufficient screen space for detailed process gra...,have a minimum diagonal size of 24 inches to ensure sufficient screen space for detailed process graphics and user interaction.,General,Low,Draft,H104 - Migration to Newer Hardware,Inspection,To be defined,[],"{'extracted_from': 'H104', 'extraction_method': 'pattern_matching', 'confidence': 0.8}"
REQ_H104_372,"support a resolution suitable for clear viewing of process graphics, text, and trends.  A minimum re...","support a resolution suitable for clear viewing of process graphics, text, and trends.  A minimum resolution of 1920×1080 (Full HD) is recommended for a 24-inch display.",General,Low,Draft,H104 - Migration to Newer Hardware,Inspection,To be defined,[],"{'extracted_from': 'H104', 'extraction_method': 'pattern_matching', 'confidence': 0.8}"
REQ_H104_373,implement a control selection mechanism based on a 3-state principle: Local - Free - Remote.,implement a control selection mechanism based on a 3-state principle: Local - Free - Remote.,General,Low,Draft,H104 - Migration to Newer Hardware,Inspection,To be defined,[],"{'extracted_from': 'H104', 'extraction_method': 'pattern_matching', 'confidence': 0.8}"
REQ_H104_374,"always be permitted in any state, allowing either side to retrieve information about the system's st...","always be permitted in any state, allowing either side to retrieve information about the system's status and confirming whether a request was successful.  Writing (changing) is only allowed when the request is accepted.",General,Low,Draft,H104 - Migration to Newer Hardware,Inspection,To be defined,[],"{'extracted_from': 'H104', 'extraction_method': 'pattern_matching', 'confidence': 0.8}"
REQ_H104_375,"remain active, ensuring that, for example, regulation loops continue to function in either state.","remain active, ensuring that, for example, regulation loops continue to function in either state.",Functional,Low,Draft,H104 - Migration to Newer Hardware,Inspection,To be defined,[],"{'extracted_from': 'H104', 'extraction_method': 'pattern_matching', 'confidence': 0.8}"
REQ_H104_376,"automatically transition to the ""Free"" state if a configurable timeout period (maximum of 5 minutes)...","automatically transition to the ""Free"" state if a configurable timeout period (maximum of 5 minutes) of non-activity expires.  ""Releasing"" means transitioning from a specific control state to the ""Free"" state.  Non-activity refers to the absence of local or remote actions.",Performance,Low,Draft,H104 - Migration to Newer Hardware,Inspection,To be defined,[],"{'extracted_from': 'H104', 'extraction_method': 'pattern_matching', 'confidence': 0.8}"
REQ_H104_377,be designed as a non-critical component of the control system.  No real-time or safety-critical cont...,"be designed as a non-critical component of the control system.  No real-time or safety-critical control functions shall reside in the Operator Station; it is purely for monitoring, visualization, and local interaction.",Performance,High,Draft,H104 - Migration to Newer Hardware,Inspection,To be defined,[],"{'extracted_from': 'H104', 'extraction_method': 'pattern_matching', 'confidence': 0.8}"
REQ_H104_378,"store operational data (e.g., trends, alarms) only for a limited amount of time, sufficient for shor...","store operational data (e.g., trends, alarms) only for a limited amount of time, sufficient for short-term analysis and troubleshooting.  The data stored locally shall not be formally backed up; once data ages out of the configured retention period, it may be overwritten or discarded.",Performance,Low,Draft,H104 - Migration to Newer Hardware,Analysis,To be defined,[],"{'extracted_from': 'H104', 'extraction_method': 'pattern_matching', 'confidence': 0.8}"
REQ_H104_379,"provide capabilities for plotting curves and trends, enabling real-time and short-term historical vi...","provide capabilities for plotting curves and trends, enabling real-time and short-term historical visualization of key process variables.",Performance,Low,Draft,H104 - Migration to Newer Hardware,Inspection,To be defined,[],"{'extracted_from': 'H104', 'extraction_method': 'pattern_matching', 'confidence': 0.8}"
REQ_H104_380,"include graphical process views, providing an intuitive interface for monitoring equipment states an...","include graphical process views, providing an intuitive interface for monitoring equipment states and process flows.",Interface,Low,Draft,H104 - Migration to Newer Hardware,Inspection,To be defined,[],"{'extracted_from': 'H104', 'extraction_method': 'pattern_matching', 'confidence': 0.8}"
REQ_H104_381,show and log alarms and events for immediate operator awareness without functionality to acknowledge...,show and log alarms and events for immediate operator awareness without functionality to acknowledge alarm occurrences,Functional,Low,Draft,H104 - Migration to Newer Hardware,Inspection,To be defined,[],"{'extracted_from': 'H104', 'extraction_method': 'pattern_matching', 'confidence': 0.8}"
REQ_H104_382,be agreed with SCK CEN.,be agreed with SCK CEN.,General,Low,Draft,H104 - Migration to Newer Hardware,Inspection,To be defined,[],"{'extracted_from': 'H104', 'extraction_method': 'pattern_matching', 'confidence': 0.8}"
REQ_H104_383,be integrated in different graphical views.,be integrated in different graphical views.,General,Low,Draft,H104 - Migration to Newer Hardware,Inspection,To be defined,[],"{'extracted_from': 'H104', 'extraction_method': 'pattern_matching', 'confidence': 0.8}"
REQ_H104_384,support a default data acquisition period of maximum two seconds.  For critical turbine data an acqu...,support a default data acquisition period of maximum two seconds.  For critical turbine data an acquisition rate of 100 ms is required.,General,High,Draft,H104 - Migration to Newer Hardware,Inspection,To be defined,[],"{'extracted_from': 'H104', 'extraction_method': 'pattern_matching', 'confidence': 0.8}"
REQ_H104_385,allow at least two permission levels with distinct functions available.,allow at least two permission levels with distinct functions available.,Functional,Low,Draft,H104 - Migration to Newer Hardware,Inspection,To be defined,[],"{'extracted_from': 'H104', 'extraction_method': 'pattern_matching', 'confidence': 0.8}"
REQ_H104_386,allow to automatically call or e-mail “on call” staff through MIT (see Error! Reference source not f...,allow to automatically call or e-mail “on call” staff through MIT (see Error! Reference source not found.).,General,Low,Draft,H104 - Migration to Newer Hardware,Inspection,To be defined,[],"{'extracted_from': 'H104', 'extraction_method': 'pattern_matching', 'confidence': 0.8}"
REQ_H104_387,be in accordance with the Process & Instrumentation Diagrams to easily understand and operate the sy...,be in accordance with the Process & Instrumentation Diagrams to easily understand and operate the system.,General,Low,Draft,H104 - Migration to Newer Hardware,Inspection,To be defined,[],"{'extracted_from': 'H104', 'extraction_method': 'pattern_matching', 'confidence': 0.8}"
REQ_H104_388,be installed on two workstations with large screens (at least height 24 inches monitors) to visualiz...,be installed on two workstations with large screens (at least height 24 inches monitors) to visualize the useful information during QPLANT operation (see  Error! Reference source not found.).,Functional,Low,Draft,H104 - Migration to Newer Hardware,Inspection,To be defined,[],"{'extracted_from': 'H104', 'extraction_method': 'pattern_matching', 'confidence': 0.8}"
REQ_H104_389,"remain active, ensuring that, for example, regulation loops continue to function in either state.","remain active, ensuring that, for example, regulation loops continue to function in either state.",Functional,Low,Draft,H104 - Migration to Newer Hardware,Inspection,To be defined,[],"{'extracted_from': 'H104', 'extraction_method': 'pattern_matching', 'confidence': 0.8}"
REQ_H105_390,supply a detailed list of the network ports and protocols necessary for the correct functionality of...,supply a detailed list of the network ports and protocols necessary for the correct functionality of their system and application.),Functional,Low,Draft,H105 - Network,Inspection,To be defined,[],"{'extracted_from': 'H105', 'extraction_method': 'pattern_matching', 'confidence': 0.8}"
REQ_H105_391,be responsible for configuring the necessary network elements based on the inventory of network port...,"be responsible for configuring the necessary network elements based on the inventory of network ports, protocols, internal and external applications.",General,Low,Draft,H105 - Network,Inspection,To be defined,[],"{'extracted_from': 'H105', 'extraction_method': 'pattern_matching', 'confidence': 0.8}"
REQ_H105_392,use IP address ranges for the QPLANT:CIS as provided by the customer.  This includes equipment in Le...,"use IP address ranges for the QPLANT:CIS as provided by the customer.  This includes equipment in Level 0 of the Perdue model.  These ranges will be pre-assigned by MIT to ensure consistency with the overall network architecture and addressing schemes.  The Contractor is responsible for implementing the provided IP ranges without deviation, and any additional IP requirements shall be communicated to and approved by MIT prior to implementation.  Additionally, the Contractor shall document the use of the assigned IP ranges for each device and submit this documentation to MIT upon completing the configuration.  DD5) MIT reserves the right to audit the Contractor's implementation to ensure adherence to the assigned IP ranges and network configuration standards.",General,Low,Draft,H105 - Network,Inspection,To be defined,[],"{'extracted_from': 'H105', 'extraction_method': 'pattern_matching', 'confidence': 0.8}"
REQ_H105_393,"support an upgrade procedure which can be automated as script(s), without the need for an Internet c...","support an upgrade procedure which can be automated as script(s), without the need for an Internet connection.  A list of required tools must be provided.",General,Low,Draft,H105 - Network,Inspection,To be defined,[],"{'extracted_from': 'H105', 'extraction_method': 'pattern_matching', 'confidence': 0.8}"
REQ_H105_394,be defined DD5 ():,be defined DD5 ():,General,Low,Draft,H105 - Network,Inspection,To be defined,[],"{'extracted_from': 'H105', 'extraction_method': 'pattern_matching', 'confidence': 0.8}"
REQ_H105_395,support monitoring by at least one of the protocols mentioned in the MIT interface catalogue chapter...,"support monitoring by at least one of the protocols mentioned in the MIT interface catalogue chapter ""Monitoring"".  Ref. SCK\55564083",Interface,Low,Draft,H105 - Network,Inspection,To be defined,[],"{'extracted_from': 'H105', 'extraction_method': 'pattern_matching', 'confidence': 0.8}"
REQ_H105_396,support authorization by at least one of the protocols mentioned in the MIT interface catalogue chap...,"support authorization by at least one of the protocols mentioned in the MIT interface catalogue chapter ""Authorization and security"".  Ref. SCK\55564083",Security,Low,Draft,H105 - Network,Inspection,To be defined,[],"{'extracted_from': 'H105', 'extraction_method': 'pattern_matching', 'confidence': 0.8}"
REQ_H105_397,support authorization by at least one of the protocols mentioned in the MIT interface catalogue chap...,"support authorization by at least one of the protocols mentioned in the MIT interface catalogue chapter ""Authorization and security"".  Ref. SCK\55564083",Security,Low,Draft,H105 - Network,Inspection,To be defined,[],"{'extracted_from': 'H105', 'extraction_method': 'pattern_matching', 'confidence': 0.8}"
REQ_H105_398,support authentication by at least one of the protocols mentioned in the MIT interface catalogue cha...,"support authentication by at least one of the protocols mentioned in the MIT interface catalogue chapter ""Authentication"".  Ref. SCK\55564083",Security,Low,Draft,H105 - Network,Inspection,To be defined,[],"{'extracted_from': 'H105', 'extraction_method': 'pattern_matching', 'confidence': 0.8}"
REQ_H105_399,support authentication by at least one of the protocols mentioned in the MIT interface catalogue cha...,"support authentication by at least one of the protocols mentioned in the MIT interface catalogue chapter ""Authentication"".  Ref. SCK\55564083",Security,Low,Draft,H105 - Network,Inspection,To be defined,[],"{'extracted_from': 'H105', 'extraction_method': 'pattern_matching', 'confidence': 0.8}"
REQ_H105_400,support network addressing service by at least one of the protocols mentioned in the MIT interface c...,"support network addressing service by at least one of the protocols mentioned in the MIT interface catalogue chapter ""Network addressing service"".  Ref. SCK\55564083",Interface,Low,Draft,H105 - Network,Inspection,To be defined,[],"{'extracted_from': 'H105', 'extraction_method': 'pattern_matching', 'confidence': 0.8}"
REQ_H105_401,support network naming service by at least one of the protocols mentioned in the MIT interface catal...,"support network naming service by at least one of the protocols mentioned in the MIT interface catalogue chapter ""Network naming service"".  Ref. SCK\55564083",Interface,Low,Draft,H105 - Network,Inspection,To be defined,[],"{'extracted_from': 'H105', 'extraction_method': 'pattern_matching', 'confidence': 0.8}"
REQ_H105_402,"implement a mechanism for automatic IP address assignment based on MAC addresses whenever possible, ...","implement a mechanism for automatic IP address assignment based on MAC addresses whenever possible, utilizing DHCP services to ensure efficient and consistent configuration.  In scenarios where DHCP is not feasible, the Contractor shall configure static IP addresses in accordance with MIT's assigned IP ranges.  All configurations shall align with MIT's network architecture standards to ensure seamless integration and avoid IP conflicts.",Interface,Low,Draft,H105 - Network,Inspection,To be defined,[],"{'extracted_from': 'H105', 'extraction_method': 'pattern_matching', 'confidence': 0.8}"
REQ_H105_403,"provide a comprehensive list of all devices, including their respective MAC addresses, prior to conf...","provide a comprehensive list of all devices, including their respective MAC addresses, prior to configuring the network.  This list is crucial for tracking and managing devices, especially when configuring static IP addresses or ensuring proper DHCP assignment.",General,Low,Draft,H105 - Network,Inspection,To be defined,[],"{'extracted_from': 'H105', 'extraction_method': 'pattern_matching', 'confidence': 0.8}"
REQ_H105_404,provide a detailed procedure for enabling and configuring DHCP on the device.  The procedure shall i...,"provide a detailed procedure for enabling and configuring DHCP on the device.  The procedure shall include all necessary steps for ensuring proper DHCP functionality, such as network settings, IP lease time configuration, and alignment with MIT’s DHCP service and network standards.",Performance,Low,Draft,H105 - Network,Inspection,To be defined,[],"{'extracted_from': 'H105', 'extraction_method': 'pattern_matching', 'confidence': 0.8}"
REQ_H105_405,"use a redundant ring topology, with a dedicated redundancy manager and client switches.  The network...","use a redundant ring topology, with a dedicated redundancy manager and client switches.  The network shall automatically reconfigure within 300 ms in case of interruptions.  Redundant connections to the backbone shall be established using a master/slave configuration, ensuring failover times under 300 ms.  All links within the aggregation network, including connections to the backbone and cell networks, shall support 1 Gbit/s bandwidth.  The network design shall incorporate fault recovery mechanisms to reroute traffic in the event of failures, ensuring uninterrupted data flow.",Performance,Low,Draft,H105 - Network,Inspection,To be defined,[],"{'extracted_from': 'H105', 'extraction_method': 'pattern_matching', 'confidence': 0.8}"
REQ_H105_406,establish redundant connections to the backbone network using standby redundancy.  Each connection s...,"establish redundant connections to the backbone network using standby redundancy.  Each connection shall include a master and backup device, with failover mechanisms ensuring that if one de²vice or connection fails, the other takes over seamlessly.  The failover time shall be deterministic, with a maximum duration of 300 ms to minimize downtime.",Performance,Low,Draft,H105 - Network,Inspection,To be defined,[],"{'extracted_from': 'H105', 'extraction_method': 'pattern_matching', 'confidence': 0.8}"
REQ_H105_407,"comply with the SCK CEN cybersecurity policy, ensuring alignment with the IAEA NSS17 (Nuclear Securi...","comply with the SCK CEN cybersecurity policy, ensuring alignment with the IAEA NSS17 (Nuclear Security Series), ISO 27001 (Information Security Management), and IEC 62443 (Industrial Communication Networks – Network and System Security) standards.  This includes implementing required security controls, risk management processes, and incident response protocols as outlined by these frameworks.",Security,Low,Draft,H105 - Network,Inspection,To be defined,[],"{'extracted_from': 'H105', 'extraction_method': 'pattern_matching', 'confidence': 0.8}"
REQ_H105_408,work with the client to verify that the system integrates seamlessly with the client’s existing secu...,"work with the client to verify that the system integrates seamlessly with the client’s existing security infrastructure, including firewalls, VPNs, and any other relevant security tools.",Security,Low,Draft,H105 - Network,Testing,To be defined,[],"{'extracted_from': 'H105', 'extraction_method': 'pattern_matching', 'confidence': 0.8}"
REQ_H105_409,"identify all products and digital elements used in the production plant, including Commercial Off-Th...","identify all products and digital elements used in the production plant, including Commercial Off-The-Shelf (COTS) materials and custom-built systems, that fall under the scope of the Cyber Resilience Act.  These products must be evaluated for compliance with the CRA's cybersecurity requirements.",Security,Low,Draft,H105 - Network,Inspection,To be defined,[],"{'extracted_from': 'H105', 'extraction_method': 'pattern_matching', 'confidence': 0.8}"
REQ_H105_410,utilize the standard solution provided by the customer.  Access will be granted with restricted perm...,"utilize the standard solution provided by the customer.  Access will be granted with restricted permissions to ensure that only necessary functions are available, safeguarding the integrity and security of the plant's systems.  The Contractor is responsible for adhering to the defined access protocols and ensuring compliance with the customer's security policies.",Security,Low,Draft,H105 - Network,Inspection,To be defined,[],"{'extracted_from': 'H105', 'extraction_method': 'pattern_matching', 'confidence': 0.8}"
REQ_H105_411,be provided.,be provided.,General,Low,Draft,H105 - Network,Inspection,To be defined,[],"{'extracted_from': 'H105', 'extraction_method': 'pattern_matching', 'confidence': 0.8}"
REQ_H105_412,be provided for review and approval before deployment.,be provided for review and approval before deployment.,General,Low,Draft,H105 - Network,Review,To be defined,[],"{'extracted_from': 'H105', 'extraction_method': 'pattern_matching', 'confidence': 0.8}"
REQ_H105_413,be evaluated for compliance with the CRA's cybersecurity requirements.,be evaluated for compliance with the CRA's cybersecurity requirements.,Security,Low,Draft,H105 - Network,Inspection,To be defined,[],"{'extracted_from': 'H105', 'extraction_method': 'pattern_matching', 'confidence': 0.8}"
REQ_H105_414,support monitoring by at least one of the protocols mentioned in the MIT interface catalogue chapter...,"support monitoring by at least one of the protocols mentioned in the MIT interface catalogue chapter ""Monitoring"".  Ref. SCK\55564083",Interface,Low,Draft,H105 - Network,Inspection,To be defined,[],"{'extracted_from': 'H105', 'extraction_method': 'pattern_matching', 'confidence': 0.8}"
REQ_H105_415,support authorization by at least one of the protocols mentioned in the MIT interface catalogue chap...,"support authorization by at least one of the protocols mentioned in the MIT interface catalogue chapter ""Authorization and security"".  Ref. SCK\55564083",Security,Low,Draft,H105 - Network,Inspection,To be defined,[],"{'extracted_from': 'H105', 'extraction_method': 'pattern_matching', 'confidence': 0.8}"
REQ_H105_416,support authorization by at least one of the protocols mentioned in the MIT interface catalogue chap...,"support authorization by at least one of the protocols mentioned in the MIT interface catalogue chapter ""Authorization and security"".  Ref. SCK\55564083",Security,Low,Draft,H105 - Network,Inspection,To be defined,[],"{'extracted_from': 'H105', 'extraction_method': 'pattern_matching', 'confidence': 0.8}"
REQ_H105_417,support authentication by at least one of the protocols mentioned in the MIT interface catalogue cha...,"support authentication by at least one of the protocols mentioned in the MIT interface catalogue chapter ""Authentication"".  Ref. SCK\55564083",Security,Low,Draft,H105 - Network,Inspection,To be defined,[],"{'extracted_from': 'H105', 'extraction_method': 'pattern_matching', 'confidence': 0.8}"
REQ_H105_418,support authentication by at least one of the protocols mentioned in the MIT interface catalogue cha...,"support authentication by at least one of the protocols mentioned in the MIT interface catalogue chapter ""Authentication"".  Ref. SCK\55564083",Security,Low,Draft,H105 - Network,Inspection,To be defined,[],"{'extracted_from': 'H105', 'extraction_method': 'pattern_matching', 'confidence': 0.8}"
REQ_H105_419,support network addressing service by at least one of the protocols mentioned in the MIT interface c...,"support network addressing service by at least one of the protocols mentioned in the MIT interface catalogue chapter ""Network addressing service"".  Ref. SCK\55564083",Interface,Low,Draft,H105 - Network,Inspection,To be defined,[],"{'extracted_from': 'H105', 'extraction_method': 'pattern_matching', 'confidence': 0.8}"
REQ_H105_420,support network naming service by at least one of the protocols mentioned in the MIT interface catal...,"support network naming service by at least one of the protocols mentioned in the MIT interface catalogue chapter ""Network naming service"".  Ref. SCK\55564083",Interface,Low,Draft,H105 - Network,Inspection,To be defined,[],"{'extracted_from': 'H105', 'extraction_method': 'pattern_matching', 'confidence': 0.8}"
REQ_H106_421,"comply with the applicable international electrical standards, including but not limited to IEC 6150...","comply with the applicable international electrical standards, including but not limited to IEC 61508 and IEC 61511 for lifecycle functional safety aspects, and [AD 6].",Functional,Low,Draft,H106 - Electrical Requirements,Inspection,To be defined,[],"{'extracted_from': 'H106', 'extraction_method': 'pattern_matching', 'confidence': 0.8}"
REQ_H106_422,explicitly consider and be validated against the environmental conditions to which they will be expo...,"explicitly consider and be validated against the environmental conditions to which they will be exposed, including moisture, oil, cable trenches, heat and freezing temperatures, and electromagnetic interference (EMI) effects.",General,Low,Draft,H106 - Electrical Requirements,Inspection,To be defined,[],"{'extracted_from': 'H106', 'extraction_method': 'pattern_matching', 'confidence': 0.8}"
REQ_H106_423,provide at least 25% of its internal volume as free space to accommodate future installation of equi...,"provide at least 25% of its internal volume as free space to accommodate future installation of equipment, cabling, or modifications without necessitating structural change.",General,Low,Draft,H106 - Electrical Requirements,Inspection,To be defined,[],"{'extracted_from': 'H106', 'extraction_method': 'pattern_matching', 'confidence': 0.8}"
REQ_H106_424,install harmonic filtering devices on all major variable frequency drives (VFDs) used in the system ...,"install harmonic filtering devices on all major variable frequency drives (VFDs) used in the system (e.g., LP and HP compressors), in accordance with [AD 6] and the requirements of IEC 61800-3 for industrial electromagnetic environments.",General,Low,Draft,H106 - Electrical Requirements,Inspection,To be defined,[],"{'extracted_from': 'H106', 'extraction_method': 'pattern_matching', 'confidence': 0.8}"
REQ_H106_425,"ensure that emission and immunity limits are met through appropriate use of input line filters, outp...","ensure that emission and immunity limits are met through appropriate use of input line filters, output dv/dt filters (where applicable), and proper shielding, grounding, and cable routing practices.",General,Low,Draft,H106 - Electrical Requirements,Inspection,To be defined,[],"{'extracted_from': 'H106', 'extraction_method': 'pattern_matching', 'confidence': 0.8}"
REQ_H106_426,ensure that all VFD-driven motors operate within the allowable continuous frequency range defined by...,"ensure that all VFD-driven motors operate within the allowable continuous frequency range defined by IEC 60034 (Rotating Electrical Machines).  Nominal VFD operation shall not exceed 60 Hz, unless the Contractor provides substantiated evidence demonstrating that:",Functional,Low,Draft,H106 - Electrical Requirements,Inspection,To be defined,[],"{'extracted_from': 'H106', 'extraction_method': 'pattern_matching', 'confidence': 0.8}"
REQ_H107_427,assume the following utilities are available after a short interruption (few minutes):,assume the following utilities are available after a short interruption (few minutes):,General,Low,Draft,H107 - Interfaces,Inspection,To be defined,[],"{'extracted_from': 'H107', 'extraction_method': 'pattern_matching', 'confidence': 0.8}"
REQ_H107_428,be co-developed between the Contractor and SCK CEN during the Concept Design Phase and fully defined...,be co-developed between the Contractor and SCK CEN during the Concept Design Phase and fully defined and documented by the Contractor.,General,Low,Draft,H107 - Interfaces,Inspection,To be defined,[],"{'extracted_from': 'H107', 'extraction_method': 'pattern_matching', 'confidence': 0.8}"
REQ_H107_429,define the voltage level and switchboard configuration to which the diesel generator supplies power.,define the voltage level and switchboard configuration to which the diesel generator supplies power.,General,Low,Draft,H107 - Interfaces,Inspection,To be defined,[],"{'extracted_from': 'H107', 'extraction_method': 'pattern_matching', 'confidence': 0.8}"
REQ_H107_430,"specify the feeder cable rating, breaker and fuse characteristics, and the applicable earthing schem...","specify the feeder cable rating, breaker and fuse characteristics, and the applicable earthing scheme in accordance with IEC and local electrical standards.",General,Low,Draft,H107 - Interfaces,Inspection,To be defined,[],"{'extracted_from': 'H107', 'extraction_method': 'pattern_matching', 'confidence': 0.8}"
REQ_H107_431,"confirm whether the emergency bus shall be radially fed, or whether it shall require an Automatic Tr...","confirm whether the emergency bus shall be radially fed, or whether it shall require an Automatic Transfer Switch with appropriate synchronization capability to re-establish supply post-LOOP.",General,Low,Draft,H107 - Interfaces,Inspection,To be defined,[],"{'extracted_from': 'H107', 'extraction_method': 'pattern_matching', 'confidence': 0.8}"
REQ_H107_432,"define the operating pressure, temperature, and flow rate of the cooling water available under gener...","define the operating pressure, temperature, and flow rate of the cooling water available under generator-backed emergency operation.",Functional,Low,Draft,H107 - Interfaces,Inspection,To be defined,[],"{'extracted_from': 'H107', 'extraction_method': 'pattern_matching', 'confidence': 0.8}"
REQ_H107_433,"propose the tie-in point, including line size, and shall confirm whether non-return valves or back-p...","propose the tie-in point, including line size, and shall confirm whether non-return valves or back-pressure controls are required to ensure stable flow during switchover.",General,Low,Draft,H107 - Interfaces,Inspection,To be defined,[],"{'extracted_from': 'H107', 'extraction_method': 'pattern_matching', 'confidence': 0.8}"
REQ_H107_434,"provide an enveloping preliminary design for the configuration, internal routing, and management of ...","provide an enveloping preliminary design for the configuration, internal routing, and management of abnormal utility supplies (electrical and cooling-water) during a Loss of Offsite Power (LOOP) event.  This shall include:",General,Low,Draft,H107 - Interfaces,Inspection,To be defined,[],"{'extracted_from': 'H107', 'extraction_method': 'pattern_matching', 'confidence': 0.8}"
REQ_H107_435,be routed through building penetrations and cable trays managed under the Interface Control Document...,be routed through building penetrations and cable trays managed under the Interface Control Document (ICD).,Interface,Low,Draft,H107 - Interfaces,Inspection,To be defined,[],"{'extracted_from': 'H107', 'extraction_method': 'pattern_matching', 'confidence': 0.8}"
REQ_H108_436,"size and install Line QRB-A for ≥ 50 g s⁻¹ at 3 bar(a) ≤ 4.5 K, including insulation, supports, and ...","size and install Line QRB-A for ≥ 50 g s⁻¹ at 3 bar(a) ≤ 4.5 K, including insulation, supports, and P&ID tagging.",General,Low,Draft,H108 - interface and process fluid conditions,Inspection,To be defined,[],"{'extracted_from': 'H108', 'extraction_method': 'pattern_matching', 'confidence': 0.8}"
REQ_H108_437,design Line QINFRA-S to safely convey up to 200 g s⁻¹ of warm helium to the VLP header under emergen...,"design Line QINFRA-S to safely convey up to 200 g s⁻¹ of warm helium to the VLP header under emergency vent conditions, meeting PED over-pressure rules.",General,Low,Draft,H108 - interface and process fluid conditions,Inspection,To be defined,[],"{'extracted_from': 'H108', 'extraction_method': 'pattern_matching', 'confidence': 0.8}"
REQ_H108_438,"route WCS-HP/LP/VLP headers through designated wall sleeves, providing expansion compensation and re...","route WCS-HP/LP/VLP headers through designated wall sleeves, providing expansion compensation and removable spools for maintenance access.",General,Low,Draft,H108 - interface and process fluid conditions,Inspection,To be defined,[],"{'extracted_from': 'H108', 'extraction_method': 'pattern_matching', 'confidence': 0.8}"
REQ_H108_439,finalize clear enveloping terminal point design and flow conditions (as per ICD) by no later than th...,"finalize clear enveloping terminal point design and flow conditions (as per ICD) by no later than the end of L1 – Conceptual design (details contained in ICD, and . Current sizing/flowrate indicative of scale (~80 g/s for QDIST-D:E is based on dT=20 K of QDIST and QCELL Sizing values in this matrix are enveloping and indicative;  -",General,Low,Draft,H108 - interface and process fluid conditions,Inspection,To be defined,[],"{'extracted_from': 'H108', 'extraction_method': 'pattern_matching', 'confidence': 0.8}"
REQ_H108_440,clearly state the highest pressure of delivery. A pressure drop of 1 bar over the total system (~300...,clearly state the highest pressure of delivery. A pressure drop of 1 bar over the total system (~300 m including the TS-payload).  The heat load for users USERS are defined as:,General,Low,Draft,H108 - interface and process fluid conditions,Inspection,To be defined,[],"{'extracted_from': 'H108', 'extraction_method': 'pattern_matching', 'confidence': 0.8}"
REQ_H108_441,"confirm exact mass-flow, pressure, and diameter in the offer and detail them in the Conceptual Desig...","confirm exact mass-flow, pressure, and diameter in the offer and detail them in the Conceptual Design. See RTM-037",General,Low,Draft,H108 - interface and process fluid conditions,Inspection,To be defined,[],"{'extracted_from': 'H108', 'extraction_method': 'pattern_matching', 'confidence': 0.8}"
REQ_H109_442,interface to the QLM at the cold end of the QRB.  The QPLANT shall contain the final vacuum barrier ...,interface to the QLM at the cold end of the QRB.  The QPLANT shall contain the final vacuum barrier and the isolation cryogenic valves.,Interface,Low,Draft,H109 - Main cryogenic line interfaces,Inspection,To be defined,[],"{'extracted_from': 'H109', 'extraction_method': 'pattern_matching', 'confidence': 0.8}"
REQ_H109_443,be defined by SCK CEN din due time.,be defined by SCK CEN din due time.,Performance,Low,Draft,H109 - Main cryogenic line interfaces,Inspection,To be defined,[],"{'extracted_from': 'H109', 'extraction_method': 'pattern_matching', 'confidence': 0.8}"
REQ_H109_444,be done by SCK CEN.,be done by SCK CEN.,General,Low,Draft,H109 - Main cryogenic line interfaces,Inspection,To be defined,[],"{'extracted_from': 'H109', 'extraction_method': 'pattern_matching', 'confidence': 0.8}"
REQ_H109_445,provide the necessary welded caps on pipes on the QRB side.,provide the necessary welded caps on pipes on the QRB side.,General,Low,Draft,H109 - Main cryogenic line interfaces,Inspection,To be defined,[],"{'extracted_from': 'H109', 'extraction_method': 'pattern_matching', 'confidence': 0.8}"
REQ_H109_446,furnish the following deliverables and form part of the Interface Control Document (ICD) and will fo...,furnish the following deliverables and form part of the Interface Control Document (ICD) and will form technical baseline for offer and Conceptual Design Start (L1 in Project Lifecycle).,Interface,Low,Draft,H109 - Main cryogenic line interfaces,Inspection,To be defined,[],"{'extracted_from': 'H109', 'extraction_method': 'pattern_matching', 'confidence': 0.8}"
REQ_H110_447,requirement shall be defined during the design phase with SCK CEN.,requirement shall be defined during the design phase with SCK CEN.,General,Low,Draft,H110 - Warm line interfaces,Inspection,To be defined,[],"{'extracted_from': 'H110', 'extraction_method': 'pattern_matching', 'confidence': 0.8}"
REQ_H110_448,be defined during the design phase with SCK CEN.,be defined during the design phase with SCK CEN.,General,Low,Draft,H110 - Warm line interfaces,Inspection,To be defined,[],"{'extracted_from': 'H110', 'extraction_method': 'pattern_matching', 'confidence': 0.8}"
REQ_H110_449,be collected.  The diameter of the pipe is DN 150.,be collected.  The diameter of the pipe is DN 150.,General,Low,Draft,H110 - Warm line interfaces,Inspection,To be defined,[],"{'extracted_from': 'H110', 'extraction_method': 'pattern_matching', 'confidence': 0.8}"
REQ_H110_450,be connected directly to the LP pressure of warm compressors at 1.05 bar.  The selected diameter of ...,be connected directly to the LP pressure of warm compressors at 1.05 bar.  The selected diameter of this line is DN 25.,General,Low,Draft,H110 - Warm line interfaces,Inspection,To be defined,[],"{'extracted_from': 'H110', 'extraction_method': 'pattern_matching', 'confidence': 0.8}"
REQ_H110_451,be at least DN 150.,be at least DN 150.,General,Low,Draft,H110 - Warm line interfaces,Inspection,To be defined,[],"{'extracted_from': 'H110', 'extraction_method': 'pattern_matching', 'confidence': 0.8}"
REQ_H111_452,"be designed to the site constraints (buildings, rooms) given in AD1.","be designed to the site constraints (buildings, rooms) given in AD1.",General,Low,Draft,H111 - Interfaces with the site,Inspection,To be defined,[],"{'extracted_from': 'H111', 'extraction_method': 'pattern_matching', 'confidence': 0.8}"
REQ_H111_453,provide the general assembly drawings with QPLANT components and 3D models.  (*.step files may be us...,provide the general assembly drawings with QPLANT components and 3D models.  (*.step files may be used).,General,Low,Draft,H111 - Interfaces with the site,Inspection,To be defined,[],"{'extracted_from': 'H111', 'extraction_method': 'pattern_matching', 'confidence': 0.8}"
REQ_H112_454,house the WCS.  The Contractor shall reserve space in this room for future upgrades (e.g. a dedicate...,"house the WCS.  The Contractor shall reserve space in this room for future upgrades (e.g. a dedicated purification system), for spare parts storage as well as for an unloading area)",General,Low,Draft,H112 - Compressor room,Inspection,To be defined,[],"{'extracted_from': 'H112', 'extraction_method': 'pattern_matching', 'confidence': 0.8}"
REQ_H112_455,define the positioning of all equipment in this room in agreement with SCK CEN.,define the positioning of all equipment in this room in agreement with SCK CEN.,General,Low,Draft,H112 - Compressor room,Inspection,To be defined,[],"{'extracted_from': 'H112', 'extraction_method': 'pattern_matching', 'confidence': 0.8}"
REQ_H112_456,give enveloping coldbox (QRB) lifting mass and clearances and road loads – available of 100 (see int...,give enveloping coldbox (QRB) lifting mass and clearances and road loads – available of 100 (see interfaces site),Interface,Low,Draft,H112 - Compressor room,Inspection,To be defined,[],"{'extracted_from': 'H112', 'extraction_method': 'pattern_matching', 'confidence': 0.8}"
REQ_H112_457,evaluate the need for a crane in the compressor room and shall provide the necessary inputs in the d...,evaluate the need for a crane in the compressor room and shall provide the necessary inputs in the deliverable,General,Low,Draft,H112 - Compressor room,Inspection,To be defined,[],"{'extracted_from': 'H112', 'extraction_method': 'pattern_matching', 'confidence': 0.8}"
REQ_H113_458,"host the Refrigerator Cold Box and associated warm panels, the electrical cabinets, the gas analyser...","host the Refrigerator Cold Box and associated warm panels, the electrical cabinets, the gas analysers, and pumping system.  The height of the ceiling is around 6.5 meters.",General,Low,Draft,H113 - The cold box room,Inspection,To be defined,[],"{'extracted_from': 'H113', 'extraction_method': 'pattern_matching', 'confidence': 0.8}"
REQ_H113_459,evaluate the need for crane in the cold box room and shall provide the necessary inputs in the deliv...,evaluate the need for crane in the cold box room and shall provide the necessary inputs in the deliverable,General,Low,Draft,H113 - The cold box room,Inspection,To be defined,[],"{'extracted_from': 'H113', 'extraction_method': 'pattern_matching', 'confidence': 0.8}"
REQ_H113_460,be connected to the compressor room by the different warm lines of the QPLANT.,be connected to the compressor room by the different warm lines of the QPLANT.,General,Low,Draft,H113 - The cold box room,Inspection,To be defined,[],"{'extracted_from': 'H113', 'extraction_method': 'pattern_matching', 'confidence': 0.8}"
REQ_H113_461,be installed on the roof or below the roof close to the ceiling of the buildings between compressor ...,be installed on the roof or below the roof close to the ceiling of the buildings between compressor room and cold box room.,General,Low,Draft,H113 - The cold box room,Inspection,To be defined,[],"{'extracted_from': 'H113', 'extraction_method': 'pattern_matching', 'confidence': 0.8}"
REQ_H114_462,"be installed in the storage area (17 m*10 m ~170 m²), next to the compressor room.  The total helium...","be installed in the storage area (17 m*10 m ~170 m²), next to the compressor room.  The total helium inventory is detailed in §3.5.12 .",General,Low,Draft,H114 - Storage Area,Inspection,To be defined,[],"{'extracted_from': 'H114', 'extraction_method': 'pattern_matching', 'confidence': 0.8}"
REQ_H114_463,consider the possibility of the fluid refilling by trailers.,consider the possibility of the fluid refilling by trailers.,General,Low,Draft,H114 - Storage Area,Inspection,To be defined,[],"{'extracted_from': 'H114', 'extraction_method': 'pattern_matching', 'confidence': 0.8}"
REQ_H115_464,be considered for the design and operation of the QPLANT and auxiliary equipment:,be considered for the design and operation of the QPLANT and auxiliary equipment:,Functional,Low,Draft,H115 - Site environmental conditions,Inspection,To be defined,[],"{'extracted_from': 'H115', 'extraction_method': 'pattern_matching', 'confidence': 0.8}"
REQ_H117_465,"provide a dedicated 400 V~, 50 Hz, 3-phase + Neutral (TN-S) electrical supply at the following inter...","provide a dedicated 400 V~, 50 Hz, 3-phase + Neutral (TN-S) electrical supply at the following interface terminal points (dedicated to user location inside WCS):",Interface,Low,Draft,H117 - Electrical Interface Provisioning,Inspection,To be defined,[],"{'extracted_from': 'H117', 'extraction_method': 'pattern_matching', 'confidence': 0.8}"
REQ_H117_466,"provide the complete Low Voltage (LV) distribution system for QPLANT, including LV cubicles, switchb...","provide the complete Low Voltage (LV) distribution system for QPLANT, including LV cubicles, switchboards, and protection devices.",General,Low,Draft,H117 - Electrical Interface Provisioning,Inspection,To be defined,[],"{'extracted_from': 'H117', 'extraction_method': 'pattern_matching', 'confidence': 0.8}"
REQ_H117_467,"route, install, and connect all electrical cabling, cable trays, and interfaces for the compressor r...","route, install, and connect all electrical cabling, cable trays, and interfaces for the compressor room, cold box room, and warm helium storage area ‘except for the dedicated supply as per above.",Interface,Low,Draft,H117 - Electrical Interface Provisioning,Inspection,To be defined,[],"{'extracted_from': 'H117', 'extraction_method': 'pattern_matching', 'confidence': 0.8}"
REQ_H117_468,be submitted for SCK CEN approval.  Grounding interfaces shall be connected to SCK CEN-provided term...,be submitted for SCK CEN approval.  Grounding interfaces shall be connected to SCK CEN-provided terminals in each area.,Interface,Low,Draft,H117 - Electrical Interface Provisioning,Inspection,To be defined,[],"{'extracted_from': 'H117', 'extraction_method': 'pattern_matching', 'confidence': 0.8}"
REQ_H117_469,"ensure all QPLANT equipment is connected to the respective building grounding network, fully complia...","ensure all QPLANT equipment is connected to the respective building grounding network, fully compliant with IEC 60364 and IEC 61000 EMC requirements.",General,Low,Draft,H117 - Electrical Interface Provisioning,Inspection,To be defined,[],"{'extracted_from': 'H117', 'extraction_method': 'pattern_matching', 'confidence': 0.8}"
REQ_H117_470,pass through a single shared feedthrough and be connected to equipotential bonding systems to mitiga...,pass through a single shared feedthrough and be connected to equipotential bonding systems to mitigate EMI risks.  EMC best practices and shall apply.,General,Low,Draft,H117 - Electrical Interface Provisioning,Inspection,To be defined,[],"{'extracted_from': 'H117', 'extraction_method': 'pattern_matching', 'confidence': 0.8}"
REQ_H117_471,"define the required UPS backup scope and loads (HMI, PLCs, network, digital I/O) to ensure full oper...","define the required UPS backup scope and loads (HMI, PLCs, network, digital I/O) to ensure full operational redundancy in the event of utility loss.  SCK CEN will provide central UPS backup infrastructure.",Functional,Low,Draft,H117 - Electrical Interface Provisioning,Inspection,To be defined,[],"{'extracted_from': 'H117', 'extraction_method': 'pattern_matching', 'confidence': 0.8}"
REQ_H117_472,"submit a risk-based signal classification and UPS demand report, listing all sensors, transmitters, ...","submit a risk-based signal classification and UPS demand report, listing all sensors, transmitters, and I/O requiring backup, subject to SCK CEN approval to finalize UPS system dimensioning.",General,Low,Draft,H117 - Electrical Interface Provisioning,Inspection,To be defined,[],"{'extracted_from': 'H117', 'extraction_method': 'pattern_matching', 'confidence': 0.8}"
REQ_H117_473,be powered using a dedicated and segregated low-voltage AC feed.  These feeds shall be galvanically ...,be powered using a dedicated and segregated low-voltage AC feed.  These feeds shall be galvanically isolated from the HV main circuits.,General,Low,Draft,H117 - Electrical Interface Provisioning,Inspection,To be defined,[],"{'extracted_from': 'H117', 'extraction_method': 'pattern_matching', 'confidence': 0.8}"
REQ_H118_474,provide the cooling water expected consumption at the end of the Conceptual Design phase.,provide the cooling water expected consumption at the end of the Conceptual Design phase.,General,Low,Draft,H118 - Interfaces with the Water-Cooling Loop (NA.PS01.PAB12),Inspection,To be defined,[],"{'extracted_from': 'H118', 'extraction_method': 'pattern_matching', 'confidence': 0.8}"
REQ_H118_475,distribute the cooling water inside the dedicated technical rooms to the different QPLANT users.  Th...,distribute the cooling water inside the dedicated technical rooms to the different QPLANT users.  The scheme of the cooling water distribution in the buildings shall be subject to approval by SCK CEN.,General,Low,Draft,H118 - Interfaces with the Water-Cooling Loop (NA.PS01.PAB12),Inspection,To be defined,[],"{'extracted_from': 'H118', 'extraction_method': 'pattern_matching', 'confidence': 0.8}"
REQ_H118_476,install all necessary instrumentation and additional control elements to measure/control temperature...,"install all necessary instrumentation and additional control elements to measure/control temperature, pressure and mass flow rate of the cooling water loops.",General,Low,Draft,H118 - Interfaces with the Water-Cooling Loop (NA.PS01.PAB12),Inspection,To be defined,[],"{'extracted_from': 'H118', 'extraction_method': 'pattern_matching', 'confidence': 0.8}"
REQ_H118_477,provide local drains considering that the draining of cooling water is a glycol type waste and there...,provide local drains considering that the draining of cooling water is a glycol type waste and therefore needs to be connected to the SCK CEN PS03 system.,General,Low,Draft,H118 - Interfaces with the Water-Cooling Loop (NA.PS01.PAB12),Inspection,To be defined,[],"{'extracted_from': 'H118', 'extraction_method': 'pattern_matching', 'confidence': 0.8}"
REQ_H119_478,provide the compressed air needs at the end of the Conceptual Design phase.,provide the compressed air needs at the end of the Conceptual Design phase.,General,Low,Draft,H119 - Interfaces with Instrument Air System (NA.PS05.XXX),Inspection,To be defined,[],"{'extracted_from': 'H119', 'extraction_method': 'pattern_matching', 'confidence': 0.8}"
REQ_H119_479,distribute the compressed air inside the dedicated technical rooms to the different QPLANT users.  T...,distribute the compressed air inside the dedicated technical rooms to the different QPLANT users.  The scheme of the compressed air distribution shall be submitted to SCK CEN’s approval.,General,Low,Draft,H119 - Interfaces with Instrument Air System (NA.PS05.XXX),Inspection,To be defined,[],"{'extracted_from': 'H119', 'extraction_method': 'pattern_matching', 'confidence': 0.8}"
REQ_H120_480,provide a quantitative analysis of heat dissipation to the HVAC system covering:,provide a quantitative analysis of heat dissipation to the HVAC system covering:,General,Low,Draft,H120 - Interfaces with HVAC (NA.HV04),Analysis,To be defined,[],"{'extracted_from': 'H120', 'extraction_method': 'pattern_matching', 'confidence': 0.8}"
REQ_H120_481,ensure the integration of the HP compressor exhaust ducting with the Compressor Room (WCS in CCB).  ...,ensure the integration of the HP compressor exhaust ducting with the Compressor Room (WCS in CCB).  SCK CEN provides extraction from defined scope boundary.,Interface,Low,Draft,H120 - Interfaces with HVAC (NA.HV04),Inspection,To be defined,[],"{'extracted_from': 'H120', 'extraction_method': 'pattern_matching', 'confidence': 0.8}"
REQ_H120_482,not exceed 120 kW under any steady-state operating condition.,not exceed 120 kW under any steady-state operating condition.,General,Low,Draft,H120 - Interfaces with HVAC (NA.HV04),Inspection,To be defined,[],"{'extracted_from': 'H120', 'extraction_method': 'pattern_matching', 'confidence': 0.8}"
REQ_H120_483,furnish interface (HP compressor exhaust outlet/terminal points) quantitative data (heat dissipation...,"furnish interface (HP compressor exhaust outlet/terminal points) quantitative data (heat dissipation, flow rates, pressure drop, …)",Interface,Low,Draft,H120 - Interfaces with HVAC (NA.HV04),Inspection,To be defined,[],"{'extracted_from': 'H120', 'extraction_method': 'pattern_matching', 'confidence': 0.8}"
REQ_H120_484,allow for partial by-pass or heat injection during cold ambient conditions.  The system shall be des...,allow for partial by-pass or heat injection during cold ambient conditions.  The system shall be designed to minimize energy input while ensuring reliable operation.,Functional,Low,Draft,H120 - Interfaces with HVAC (NA.HV04),Inspection,To be defined,[],"{'extracted_from': 'H120', 'extraction_method': 'pattern_matching', 'confidence': 0.8}"
REQ_H120_485,"quantify flow rates, temperatures (maximum, nominal, minimum), and provide outlet dimensions and fix...","quantify flow rates, temperatures (maximum, nominal, minimum), and provide outlet dimensions and fixed interface and terminal point definition.  The allowable pressure drop from the compressor to the outside shall be specified.",Interface,Low,Draft,H120 - Interfaces with HVAC (NA.HV04),Inspection,To be defined,[],"{'extracted_from': 'H120', 'extraction_method': 'pattern_matching', 'confidence': 0.8}"
REQ_H120_486,be designed to minimize energy input while ensuring reliable operation.,be designed to minimize energy input while ensuring reliable operation.,Functional,Low,Draft,H120 - Interfaces with HVAC (NA.HV04),Inspection,To be defined,[],"{'extracted_from': 'H120', 'extraction_method': 'pattern_matching', 'confidence': 0.8}"
REQ_H121_487,be collected and vented outside the building.  The location of these exhausts shall be subject to ap...,be collected and vented outside the building.  The location of these exhausts shall be subject to approval by SCK CEN.,General,Low,Draft,H121 - Interfaces with the Vacuum System,Inspection,To be defined,[],"{'extracted_from': 'H121', 'extraction_method': 'pattern_matching', 'confidence': 0.8}"
REQ_H121_488,"quantify the number, size, and location of expected roof/wall penetrations","quantify the number, size, and location of expected roof/wall penetrations",General,Low,Draft,H121 - Interfaces with the Vacuum System,Inspection,To be defined,[],"{'extracted_from': 'H121', 'extraction_method': 'pattern_matching', 'confidence': 0.8}"
REQ_H122_489,"provide the necessary helium to be used during the installation, commissioning phases and acceptance...","provide the necessary helium to be used during the installation, commissioning phases and acceptance testing including leak tests and conditioning of the QPLANT circuits.",General,Low,Draft,H122 - Interfaces with Helium filling,Testing,To be defined,[],"{'extracted_from': 'H122', 'extraction_method': 'pattern_matching', 'confidence': 0.8}"
REQ_H124_490,"be responsible for the entire nitrogen equipment including liquid nitrogen tanks, heaters, ….  If th...","be responsible for the entire nitrogen equipment including liquid nitrogen tanks, heaters, ….  If the liquid nitrogen is not used for the QPLANT precooling, SCK CEN could provide gas helium for regeneration purpose.  SCK CEN will provide the necessary support as required.",General,Low,Draft,H124 - Liquid Nitrogen (LN2),Inspection,To be defined,[],"{'extracted_from': 'H124', 'extraction_method': 'pattern_matching', 'confidence': 0.8}"
REQ_H124_491,be in charge to supply the necessary nitrogen linked to these activities.,be in charge to supply the necessary nitrogen linked to these activities.,General,Low,Draft,H124 - Liquid Nitrogen (LN2),Inspection,To be defined,[],"{'extracted_from': 'H124', 'extraction_method': 'pattern_matching', 'confidence': 0.8}"
REQ_H126_492,"comply to the MCS architecture, processes, and interfaces.  Ref. SCK CEN/38585071.","comply to the MCS architecture, processes, and interfaces.  Ref. SCK CEN/38585071.",Interface,Low,Draft,H126 - Interfaces with MCS,Inspection,To be defined,[],"{'extracted_from': 'H126', 'extraction_method': 'pattern_matching', 'confidence': 0.8}"
REQ_H126_493,comply to the Slow Fieldbus Control and Monitoring Interfaces type C as listed in MCS Interface Cata...,comply to the Slow Fieldbus Control and Monitoring Interfaces type C as listed in MCS Interface Catalogue Ref. SCK CEN/48276492.,Interface,Low,Draft,H126 - Interfaces with MCS,Inspection,To be defined,[],"{'extracted_from': 'H126', 'extraction_method': 'pattern_matching', 'confidence': 0.8}"
REQ_H126_494,"comply to the MCS architecture, processes, and interfaces.  Ref. SCK CEN/38585071.","comply to the MCS architecture, processes, and interfaces.  Ref. SCK CEN/38585071.",Interface,Low,Draft,H126 - Interfaces with MCS,Inspection,To be defined,[],"{'extracted_from': 'H126', 'extraction_method': 'pattern_matching', 'confidence': 0.8}"
REQ_H127_495,"comply to the MIS architecture, processes, and interfaces.","comply to the MIS architecture, processes, and interfaces.",Interface,Low,Draft,H127 - Interfaces with MIS,Inspection,To be defined,[],"{'extracted_from': 'H127', 'extraction_method': 'pattern_matching', 'confidence': 0.8}"
REQ_H127_496,comply to the Slow control interface catalogue.,comply to the Slow control interface catalogue.,Interface,Low,Draft,H127 - Interfaces with MIS,Inspection,To be defined,[],"{'extracted_from': 'H127', 'extraction_method': 'pattern_matching', 'confidence': 0.8}"
REQ_H127_497,comply to the slow interlock interface document: Interfaces with MIT,comply to the slow interlock interface document: Interfaces with MIT,Interface,Low,Draft,H127 - Interfaces with MIS,Inspection,To be defined,[],"{'extracted_from': 'H127', 'extraction_method': 'pattern_matching', 'confidence': 0.8}"
REQ_H127_498,"comply to the MIT architecture, processes, and interfaces.","comply to the MIT architecture, processes, and interfaces.",Interface,Low,Draft,H127 - Interfaces with MIS,Inspection,To be defined,[],"{'extracted_from': 'H127', 'extraction_method': 'pattern_matching', 'confidence': 0.8}"
REQ_H127_499,comply to the MIT interfaces as listed in catalogue Ref.,comply to the MIT interfaces as listed in catalogue Ref.,Interface,Low,Draft,H127 - Interfaces with MIS,Inspection,To be defined,[],"{'extracted_from': 'H127', 'extraction_method': 'pattern_matching', 'confidence': 0.8}"
REQ_H127_500,"be physically connected to the MIT network in a redundant, fault tolerant way.  At minimum 2 physica...","be physically connected to the MIT network in a redundant, fault tolerant way.  At minimum 2 physical links will be foreseen, each link routed via a separate pathway.  The physical connections need to be distributed over at minimum 2 separate physical endpoints on the QPLANT side.",General,Low,Draft,H127 - Interfaces with MIS,Inspection,To be defined,[],"{'extracted_from': 'H127', 'extraction_method': 'pattern_matching', 'confidence': 0.8}"
REQ_H127_501,"be connected to the MIT IP network using a single logical routed connection (""layer 3"").  At both si...","be connected to the MIT IP network using a single logical routed connection (""layer 3"").  At both sides, a single gateway IP will be configured as destination IP for packet forwarding.",General,Low,Draft,H127 - Interfaces with MIS,Inspection,To be defined,[],"{'extracted_from': 'H127', 'extraction_method': 'pattern_matching', 'confidence': 0.8}"
REQ_H127_502,provide system logs remotely through at least one of the protocols mentioned in the MIT interface ca...,"provide system logs remotely through at least one of the protocols mentioned in the MIT interface catalogue chapter ""System logging"".",Interface,Low,Draft,H127 - Interfaces with MIS,Inspection,To be defined,[],"{'extracted_from': 'H127', 'extraction_method': 'pattern_matching', 'confidence': 0.8}"
REQ_H127_503,"log remotely either by using a protocol defined in section ""Application logging"" of document ""MIT in...","log remotely either by using a protocol defined in section ""Application logging"" of document ""MIT interface catalogue"") or alternatively adhere to the following:",Interface,Low,Draft,H127 - Interfaces with MIS,Inspection,To be defined,[],"{'extracted_from': 'H127', 'extraction_method': 'pattern_matching', 'confidence': 0.8}"
REQ_H127_504,support timing synchronization by at least one of the protocols mentioned in the MIT interface catal...,"support timing synchronization by at least one of the protocols mentioned in the MIT interface catalogue chapter ""Timing synchronization"".",Interface,Low,Draft,H127 - Interfaces with MIS,Inspection,To be defined,[],"{'extracted_from': 'H127', 'extraction_method': 'pattern_matching', 'confidence': 0.8}"
REQ_H127_505,provide remote access through at least one of the protocols listed in the MIT interface catalogue ch...,"provide remote access through at least one of the protocols listed in the MIT interface catalogue chapter ""Remote access"".",Interface,Low,Draft,H127 - Interfaces with MIS,Inspection,To be defined,[],"{'extracted_from': 'H127', 'extraction_method': 'pattern_matching', 'confidence': 0.8}"
REQ_H127_506,terminate on a patch panel.,terminate on a patch panel.,General,Low,Draft,H127 - Interfaces with MIS,Inspection,To be defined,[],"{'extracted_from': 'H127', 'extraction_method': 'pattern_matching', 'confidence': 0.8}"
REQ_H127_507,"comply to the MIS architecture, processes, and interfaces.","comply to the MIS architecture, processes, and interfaces.",Interface,Low,Draft,H127 - Interfaces with MIS,Inspection,To be defined,[],"{'extracted_from': 'H127', 'extraction_method': 'pattern_matching', 'confidence': 0.8}"
REQ_H127_508,"comply to the MIT architecture, processes, and interfaces.","comply to the MIT architecture, processes, and interfaces.",Interface,Low,Draft,H127 - Interfaces with MIS,Inspection,To be defined,[],"{'extracted_from': 'H127', 'extraction_method': 'pattern_matching', 'confidence': 0.8}"
REQ_H127_509,"log remotely either by using a protocol defined in section ""Application logging"" of document ""MIT in...","log remotely either by using a protocol defined in section ""Application logging"" of document ""MIT interface catalogue"") or alternatively adhere to the following:",Interface,Low,Draft,H127 - Interfaces with MIS,Inspection,To be defined,[],"{'extracted_from': 'H127', 'extraction_method': 'pattern_matching', 'confidence': 0.8}"
REQ_H129_510,be conducted during construction of the components.,be conducted during construction of the components.,General,Low,Draft,"H129 - Welding, pressure, and leak tests",Inspection,To be defined,[],"{'extracted_from': 'H129', 'extraction_method': 'pattern_matching', 'confidence': 0.8}"
REQ_H129_511,be performed in accordance with the design and construction code.,be performed in accordance with the design and construction code.,General,Low,Draft,"H129 - Welding, pressure, and leak tests",Inspection,To be defined,[],"{'extracted_from': 'H129', 'extraction_method': 'pattern_matching', 'confidence': 0.8}"
REQ_H129_512,be performed at ambient temperature after the pressure tests.,be performed at ambient temperature after the pressure tests.,General,Low,Draft,"H129 - Welding, pressure, and leak tests",Testing,To be defined,[],"{'extracted_from': 'H129', 'extraction_method': 'pattern_matching', 'confidence': 0.8}"
REQ_H129_513,be conducted after spraying liquid nitrogen on welds.,be conducted after spraying liquid nitrogen on welds.,General,Low,Draft,"H129 - Welding, pressure, and leak tests",Inspection,To be defined,[],"{'extracted_from': 'H129', 'extraction_method': 'pattern_matching', 'confidence': 0.8}"
REQ_H129_514,carry out additional tests as necessary to ensure specified performance and quality.,carry out additional tests as necessary to ensure specified performance and quality.,Performance,Low,Draft,"H129 - Welding, pressure, and leak tests",Testing,To be defined,[],"{'extracted_from': 'H129', 'extraction_method': 'pattern_matching', 'confidence': 0.8}"
REQ_H130_515,be performed to detect any faults before delivery and confirm the performances indicated in the tech...,be performed to detect any faults before delivery and confirm the performances indicated in the technical specification.  These tests shall include at least,Performance,Low,Draft,H130 - Tests of components,Testing,To be defined,[],"{'extracted_from': 'H130', 'extraction_method': 'pattern_matching', 'confidence': 0.8}"
REQ_H130_516,be tested individually at the manufacturer’s premises.  The measured values shall include at least f...,"be tested individually at the manufacturer’s premises.  The measured values shall include at least flow rate, pressures, temperatures, helium leak, noise level and vibrations.",General,Low,Draft,H130 - Tests of components,Testing,To be defined,[],"{'extracted_from': 'H130', 'extraction_method': 'pattern_matching', 'confidence': 0.8}"
REQ_H130_517,be tested individually at the manufacturer’s premises.  The measured values shall include at least p...,"be tested individually at the manufacturer’s premises.  The measured values shall include at least power consumption, temperatures, noise level, vibrations, efficiency, ...",General,Low,Draft,H130 - Tests of components,Testing,To be defined,[],"{'extracted_from': 'H130', 'extraction_method': 'pattern_matching', 'confidence': 0.8}"
REQ_H130_518,be tested at the manufacturer’s premise at design rotation speed at ambient temperature.  Measuremen...,"be tested at the manufacturer’s premise at design rotation speed at ambient temperature.  Measurements shall include vibrations, rotor stability and noise.",Performance,Low,Draft,H130 - Tests of components,Testing,To be defined,[],"{'extracted_from': 'H130', 'extraction_method': 'pattern_matching', 'confidence': 0.8}"
REQ_H130_519,be delivered with leak test certificates of the body and the seat.,be delivered with leak test certificates of the body and the seat.,General,Low,Draft,H130 - Tests of components,Testing,To be defined,[],"{'extracted_from': 'H130', 'extraction_method': 'pattern_matching', 'confidence': 0.8}"
REQ_H130_520,be delivered with the necessary certificates.,be delivered with the necessary certificates.,General,Low,Draft,H130 - Tests of components,Inspection,To be defined,[],"{'extracted_from': 'H130', 'extraction_method': 'pattern_matching', 'confidence': 0.8}"
REQ_H131_521,execute a complete electrical and wiring test.  All components and cabling shall conform to the inte...,execute a complete electrical and wiring test.  All components and cabling shall conform to the international electrical standards (IEC).  The electrical and wiring tests shall include at least:,General,Low,Draft,"H131 - Electrical, wiring and control system tests",Testing,To be defined,[],"{'extracted_from': 'H131', 'extraction_method': 'pattern_matching', 'confidence': 0.8}"
REQ_H131_522,be tested in simulation mode before shipment.,be tested in simulation mode before shipment.,General,Low,Draft,"H131 - Electrical, wiring and control system tests",Testing,To be defined,[],"{'extracted_from': 'H131', 'extraction_method': 'pattern_matching', 'confidence': 0.8}"
REQ_H132_523,"be filled with inert gas at a fixed pressure and sealed during transport.  Necessary caps, blind fla...","be filled with inert gas at a fixed pressure and sealed during transport.  Necessary caps, blind flanges and hand valves shall be considered at that stage.  Pressure gauges shall be installed and checked at the departure from manufacturer premises and at the arrival on SCK CEN site.  It is recommended to provide transportation boxes with appropriate accelerometers for the refrigeration cold box.",General,Low,Draft,H132 - Transport and Storage,Inspection,To be defined,[],"{'extracted_from': 'H132', 'extraction_method': 'pattern_matching', 'confidence': 0.8}"
REQ_H132_524,"protect every item during transport from degrading environment, be suitable for the selected transpo...","protect every item during transport from degrading environment, be suitable for the selected transport and consider temporary storage in the open air.",General,Low,Draft,H132 - Transport and Storage,Inspection,To be defined,[],"{'extracted_from': 'H132', 'extraction_method': 'pattern_matching', 'confidence': 0.8}"
REQ_H132_525,"be clearly marked with a label stating the Contractor’s name, the destination, the name of the compo...","be clearly marked with a label stating the Contractor’s name, the destination, the name of the component and its identification number, the weight, and a link to the documentation.",General,Low,Draft,H132 - Transport and Storage,Inspection,To be defined,[],"{'extracted_from': 'H132', 'extraction_method': 'pattern_matching', 'confidence': 0.8}"
REQ_H132_526,be visually inspected at the manufacturer premises and a certificate about proper packaging and avai...,be visually inspected at the manufacturer premises and a certificate about proper packaging and availability of the necessary documentation shall be issued.  Representatives of the SCK CEN shall be invited by the Contractor to witness the inspection.,General,Low,Draft,H132 - Transport and Storage,Review,To be defined,[],"{'extracted_from': 'H132', 'extraction_method': 'pattern_matching', 'confidence': 0.8}"
REQ_H133_527,"provide all mobile vacuum pumping systems required during installation, commissioning, and related p...","provide all mobile vacuum pumping systems required during installation, commissioning, and related project execution activities. This system shall be utilised for the pumping and conditioning of various components, including storage vessels.  It is not part of the permanent scope of supply but shall be provided .",General,Low,Draft,H133 - Installation and Assembly,Inspection,To be defined,[],"{'extracted_from': 'H133', 'extraction_method': 'pattern_matching', 'confidence': 0.8}"
REQ_H133_528,assemble all components () on the SCK CEN site.,assemble all components () on the SCK CEN site.,General,Low,Draft,H133 - Installation and Assembly,Inspection,To be defined,[],"{'extracted_from': 'H133', 'extraction_method': 'pattern_matching', 'confidence': 0.8}"
REQ_H133_529,"apply the local regulations applicable on the SCK CEN site, including safety & logistic rules and ne...","apply the local regulations applicable on the SCK CEN site, including safety & logistic rules and necessary trainings.",General,Low,Draft,H133 - Installation and Assembly,Inspection,To be defined,[],"{'extracted_from': 'H133', 'extraction_method': 'pattern_matching', 'confidence': 0.8}"
REQ_H133_530,comply with the SCK CEN Safety and Health Plan AD2.,comply with the SCK CEN Safety and Health Plan AD2.,General,Low,Draft,H133 - Installation and Assembly,Inspection,To be defined,[],"{'extracted_from': 'H133', 'extraction_method': 'pattern_matching', 'confidence': 0.8}"
REQ_H133_531,provide a list of needed utilities with date of availability at the end of the conceptual design and...,provide a list of needed utilities with date of availability at the end of the conceptual design and updated at the final design,General,Low,Draft,H133 - Installation and Assembly,Inspection,To be defined,[],"{'extracted_from': 'H133', 'extraction_method': 'pattern_matching', 'confidence': 0.8}"
REQ_H133_532,provide qualified operators.,provide qualified operators.,General,Low,Draft,H133 - Installation and Assembly,Inspection,To be defined,[],"{'extracted_from': 'H133', 'extraction_method': 'pattern_matching', 'confidence': 0.8}"
REQ_H134_533,be performed and documented:,be performed and documented:,General,Low,Draft,H134 - Incoming inspection at SCK CEN site,Inspection,To be defined,[],"{'extracted_from': 'H134', 'extraction_method': 'pattern_matching', 'confidence': 0.8}"
REQ_H134_534,be provided by the Contractor and approved by SCK CEN (to be included in deliverable) before startin...,be provided by the Contractor and approved by SCK CEN (to be included in deliverable) before starting installation.,General,Low,Draft,H134 - Incoming inspection at SCK CEN site,Inspection,To be defined,[],"{'extracted_from': 'H134', 'extraction_method': 'pattern_matching', 'confidence': 0.8}"
REQ_H135_535,be performed and documented:,be performed and documented:,General,Low,Draft,H135 - Test after Mechanical assembly completion,Inspection,To be defined,[],"{'extracted_from': 'H135', 'extraction_method': 'pattern_matching', 'confidence': 0.8}"
REQ_H135_536,"be performed according the ASME standard.  Moreover, all cryogenic joint welds shall be 100 % X-raye...","be performed according the ASME standard.  Moreover, all cryogenic joint welds shall be 100 % X-rayed.",General,Low,Draft,H135 - Test after Mechanical assembly completion,Inspection,To be defined,[],"{'extracted_from': 'H135', 'extraction_method': 'pattern_matching', 'confidence': 0.8}"
REQ_H135_537,take in charge all measures concerning safety precautions during these pressure tests.,take in charge all measures concerning safety precautions during these pressure tests.,General,Low,Draft,H135 - Test after Mechanical assembly completion,Testing,To be defined,[],"{'extracted_from': 'H135', 'extraction_method': 'pattern_matching', 'confidence': 0.8}"
REQ_H135_538,confirm the maximum leak rates specified in section Error! Reference source not found..,confirm the maximum leak rates specified in section Error! Reference source not found..,General,Low,Draft,H135 - Test after Mechanical assembly completion,Inspection,To be defined,[],"{'extracted_from': 'H135', 'extraction_method': 'pattern_matching', 'confidence': 0.8}"
REQ_H135_539,be performed on site after assembly.,be performed on site after assembly.,General,Low,Draft,H135 - Test after Mechanical assembly completion,Inspection,To be defined,[],"{'extracted_from': 'H135', 'extraction_method': 'pattern_matching', 'confidence': 0.8}"
REQ_H135_540,be performed with the test of the QPLANT:CIS and the inlet/outlet signals.,be performed with the test of the QPLANT:CIS and the inlet/outlet signals.,General,Low,Draft,H135 - Test after Mechanical assembly completion,Testing,To be defined,[],"{'extracted_from': 'H135', 'extraction_method': 'pattern_matching', 'confidence': 0.8}"
REQ_H135_541,be provided by the Contractor and approved by SCK before starting commissioning.,be provided by the Contractor and approved by SCK before starting commissioning.,General,Low,Draft,H135 - Test after Mechanical assembly completion,Inspection,To be defined,[],"{'extracted_from': 'H135', 'extraction_method': 'pattern_matching', 'confidence': 0.8}"
REQ_H138_542,start with preliminary tests to control and check all components at ambient temperature.  The prelim...,start with preliminary tests to control and check all components at ambient temperature.  The preliminary tests shall include at least the following tasks:,General,Low,Draft,H138 - Preliminary tests,Testing,To be defined,[],"{'extracted_from': 'H138', 'extraction_method': 'pattern_matching', 'confidence': 0.8}"
REQ_H139_543,be commissioned during running tests:,be commissioned during running tests:,General,Low,Draft,H139 - Running tests,Testing,To be defined,[],"{'extracted_from': 'H139', 'extraction_method': 'pattern_matching', 'confidence': 0.8}"
REQ_H139_544,provide commissioning test reports for the QPLANT (and separate WCS and QRB as main subsystems) (Err...,provide commissioning test reports for the QPLANT (and separate WCS and QRB as main subsystems) (Error! Reference source not found.) and approved by SCK CEN before starting acceptance capacity tests.,General,Low,Draft,H139 - Running tests,Testing,To be defined,[],"{'extracted_from': 'H139', 'extraction_method': 'pattern_matching', 'confidence': 0.8}"
REQ_H140_545,be conducted under Contractor responsibility following the local site rules.,be conducted under Contractor responsibility following the local site rules.,General,Low,Draft,H140 - Site Acceptance testing,Inspection,To be defined,[],"{'extracted_from': 'H140', 'extraction_method': 'pattern_matching', 'confidence': 0.8}"
REQ_H140_546,be applied to all helium service lines to avoid corrosion or degradation of internal surfaces.  Test...,"be applied to all helium service lines to avoid corrosion or degradation of internal surfaces.  Test methodology shall comply with EN 1779, EN 12345, or equivalent industry standards, with safety precautions per ISO 10297.",General,Low,Draft,H140 - Site Acceptance testing,Testing,To be defined,[],"{'extracted_from': 'H140', 'extraction_method': 'pattern_matching', 'confidence': 0.8}"
REQ_H140_547,the validation of the position of the interfaces (especially the one to the QLM).,the validation of the position of the interfaces (especially the one to the QLM).,Interface,Low,Draft,H140 - Site Acceptance testing,Inspection,To be defined,[],"{'extracted_from': 'H140', 'extraction_method': 'pattern_matching', 'confidence': 0.8}"
REQ_H140_548,"undergo final functional acceptance testing to verify flow rates, pressure performance, recovery tim...","undergo final functional acceptance testing to verify flow rates, pressure performance, recovery time, and helium purity against design targets.",Performance,Low,Draft,H140 - Site Acceptance testing,Testing,To be defined,[],"{'extracted_from': 'H140', 'extraction_method': 'pattern_matching', 'confidence': 0.8}"
REQ_H141_549,demonstrate proper operation and verify the performance requirements specified in §3.2 (except cool-...,"demonstrate proper operation and verify the performance requirements specified in §3.2 (except cool-down and warm-up of QCELL’s which could only be performed after QCELL’s are connected.  Nevertheless, operation sequences for cool-down and warm-up shall be demonstrated by the Contractor).",Performance,Low,Draft,H141 - General definition,Testing,To be defined,[],"{'extracted_from': 'H141', 'extraction_method': 'pattern_matching', 'confidence': 0.8}"
REQ_H141_550,be tested and validated.,be tested and validated.,General,Low,Draft,H141 - General definition,Testing,To be defined,[],"{'extracted_from': 'H141', 'extraction_method': 'pattern_matching', 'confidence': 0.8}"
REQ_H141_551,be submitted prior to start manufacturing.AD).  The definitive version of the acceptance capacity te...,be submitted prior to start manufacturing.AD).  The definitive version of the acceptance capacity test program shall be submitted latest 10 working days before the envisaged start of the tests (ADTesting shall only commence after SCK CEN approval.,General,Low,Draft,H141 - General definition,Testing,To be defined,[],"{'extracted_from': 'H141', 'extraction_method': 'pattern_matching', 'confidence': 0.8}"
REQ_H141_552,be performed with the specified heat loads applied by heaters on the different cooling circuits to b...,"be performed with the specified heat loads applied by heaters on the different cooling circuits to be representative of the operation with QPLANT connected to the accelerator.  Dedicated test cryostat, if necessary (and to be provided by the Contractor), could be used.  Control valves in relevant circuits shall also simulate appropriate pressure drops.",Functional,Low,Draft,H141 - General definition,Testing,To be defined,[],"{'extracted_from': 'H141', 'extraction_method': 'pattern_matching', 'confidence': 0.8}"
REQ_H141_553,be reported in deliverable Leak test and leak rate,be reported in deliverable Leak test and leak rate,General,Low,Draft,H141 - General definition,Testing,To be defined,[],"{'extracted_from': 'H141', 'extraction_method': 'pattern_matching', 'confidence': 0.8}"
REQ_H142_554,consist in:,consist in:,General,Low,Draft,H142 - WCS functional tests,Inspection,To be defined,[],"{'extracted_from': 'H142', 'extraction_method': 'pattern_matching', 'confidence': 0.8}"
REQ_H143_555,be undertaken after the successful completion of the functional tests.,be undertaken after the successful completion of the functional tests.,Functional,Low,Draft,H143 - WCS capacity tests,Testing,To be defined,[],"{'extracted_from': 'H143', 'extraction_method': 'pattern_matching', 'confidence': 0.8}"
REQ_H143_556,consist in warm tests of the WCS during 48 hours in steady state conditions corresponding to the max...,consist in warm tests of the WCS during 48 hours in steady state conditions corresponding to the maximum mass flow rate for each stage and maximum pressure ratio.,General,Low,Draft,H143 - WCS capacity tests,Testing,To be defined,[],"{'extracted_from': 'H143', 'extraction_method': 'pattern_matching', 'confidence': 0.8}"
REQ_H143_557,be permanently monitored during the tests:,be permanently monitored during the tests:,General,Low,Draft,H143 - WCS capacity tests,Testing,To be defined,[],"{'extracted_from': 'H143', 'extraction_method': 'pattern_matching', 'confidence': 0.8}"
REQ_H143_558,estimate uncertainties on the measurements.  The estimated uncertainty will be added or subtracted (...,estimate uncertainties on the measurements.  The estimated uncertainty will be added or subtracted (depending on the measurement) to the measured values before checking the acceptance capacity criteria.,General,Low,Draft,H143 - WCS capacity tests,Inspection,To be defined,[],"{'extracted_from': 'H143', 'extraction_method': 'pattern_matching', 'confidence': 0.8}"
REQ_H144_559,include at least:,include at least:,General,Low,Draft,H144 - QPLANT functional tests,Inspection,To be defined,[],"{'extracted_from': 'H144', 'extraction_method': 'pattern_matching', 'confidence': 0.8}"
REQ_H144_560,verify the correct operation of the cold adsorbers installed in the QRB.  This verification shall in...,verify the correct operation of the cold adsorbers installed in the QRB.  This verification shall include a complete regeneration cycle performed on each of the 80 K adsorbers and on the 20 K adsorber.  The process shall confirm proper adsorption functionality and regeneration effectiveness in accordance with the system design specifications.,Functional,Low,Draft,H144 - QPLANT functional tests,Testing,To be defined,[],"{'extracted_from': 'H144', 'extraction_method': 'pattern_matching', 'confidence': 0.8}"
REQ_H144_561,ensure the safety of the QPLANT and people.,ensure the safety of the QPLANT and people.,General,Low,Draft,H144 - QPLANT functional tests,Inspection,To be defined,[],"{'extracted_from': 'H144', 'extraction_method': 'pattern_matching', 'confidence': 0.8}"
REQ_H145_562,start when all the functional tests described above have been successfully completed and all specifi...,start when all the functional tests described above have been successfully completed and all specified documents have been provided.,Functional,Low,Draft,H145 - QPLANT capacity tests,Testing,To be defined,[],"{'extracted_from': 'H145', 'extraction_method': 'pattern_matching', 'confidence': 0.8}"
REQ_H145_563,be performed for the defined steady state modes (Cold stand-by; Thermal Shield stand-by; 2 K operati...,be performed for the defined steady state modes (Cold stand-by; Thermal Shield stand-by; 2 K operation: Minimal and Nominal Design Points).,Functional,Low,Draft,H145 - QPLANT capacity tests,Inspection,To be defined,[],"{'extracted_from': 'H145', 'extraction_method': 'pattern_matching', 'confidence': 0.8}"
REQ_H145_564,operate at least the required values defined in the heat loads table (Error! Reference source not fo...,operate at least the required values defined in the heat loads table (Error! Reference source not found.).,General,Low,Draft,H145 - QPLANT capacity tests,Inspection,To be defined,[],"{'extracted_from': 'H145', 'extraction_method': 'pattern_matching', 'confidence': 0.8}"
REQ_H145_565,be continuously monitored:,be continuously monitored:,General,Low,Draft,H145 - QPLANT capacity tests,Inspection,To be defined,[],"{'extracted_from': 'H145', 'extraction_method': 'pattern_matching', 'confidence': 0.8}"
REQ_H145_566,estimate uncertainties on the measurements.  The estimated uncertainty will be added or subtracted (...,estimate uncertainties on the measurements.  The estimated uncertainty will be added or subtracted (depending on the measurement) to the measured values before checking the acceptance capacity criteria.,General,Low,Draft,H145 - QPLANT capacity tests,Inspection,To be defined,[],"{'extracted_from': 'H145', 'extraction_method': 'pattern_matching', 'confidence': 0.8}"
REQ_H146_567,consist of:,consist of:,General,Low,Draft,H146 - Thermal Shield stand-by,Inspection,To be defined,[],"{'extracted_from': 'H146', 'extraction_method': 'pattern_matching', 'confidence': 0.8}"
REQ_H147_568,consist of:,consist of:,General,Low,Draft,H147 - Cold stand-by,Inspection,To be defined,[],"{'extracted_from': 'H147', 'extraction_method': 'pattern_matching', 'confidence': 0.8}"
RTM-0455,One 48 hours 2K operation run at nominal design point and one 48 hours 2K operation run at minimal d...,"One 48 hours 2K operation run at nominal design point and one 48 hours 2K operation run at minimal design point, both with VLP compressors operating in the condition defined in Error! Reference source not found..",Functional,Low,Draft,2 - K Operation,Inspection,To be defined,[],"{'extracted_from': '2', 'extraction_method': 'pattern_matching', 'confidence': 0.8}"
REQ_2_570,be performed for the nominal and minimal design points.  It shall consist of:,be performed for the nominal and minimal design points.  It shall consist of:,General,Low,Draft,2 - K Operation,Inspection,To be defined,[],"{'extracted_from': '2', 'extraction_method': 'pattern_matching', 'confidence': 0.8}"
REQ_2_571,be better than +/- 0.3 mbar.,be better than +/- 0.3 mbar.,General,Low,Draft,2 - K Operation,Inspection,To be defined,[],"{'extracted_from': '2', 'extraction_method': 'pattern_matching', 'confidence': 0.8}"
REQ_H149_572,be at least 125 Liters per hours to cope with the filling requirements.  With a static heat load of ...,"be at least 125 Liters per hours to cope with the filling requirements.  With a static heat load of 560 watts applied on helium bath (at 4.5 K), the Contractor shall demonstrate the liquefaction rate which shall be kept for at least half an hour to validate the test.",General,Low,Draft,H149 - QPLANT transition tests,Testing,To be defined,[],"{'extracted_from': 'H149', 'extraction_method': 'pattern_matching', 'confidence': 0.8}"
REQ_H149_573,demonstrate using the 2 K helium bath that the pumping of the 2 K helium cryomodule volumes (2900 li...,"demonstrate using the 2 K helium bath that the pumping of the 2 K helium cryomodule volumes (2900 litres) from 1.3 bars to 26 mbars could be performed in maximum 24 hours, with static heat load of 560 watts applied.",General,Low,Draft,H149 - QPLANT transition tests,Inspection,To be defined,[],"{'extracted_from': 'H149', 'extraction_method': 'pattern_matching', 'confidence': 0.8}"
REQ_H149_574,be performed with at least two cycles.  It shall consist of:,be performed with at least two cycles.  It shall consist of:,General,Low,Draft,H149 - QPLANT transition tests,Inspection,To be defined,[],"{'extracted_from': 'H149', 'extraction_method': 'pattern_matching', 'confidence': 0.8}"
REQ_H149_575,be kept stable in a range of +/- 0.5 mbar.,be kept stable in a range of +/- 0.5 mbar.,General,Low,Draft,H149 - QPLANT transition tests,Inspection,To be defined,[],"{'extracted_from': 'H149', 'extraction_method': 'pattern_matching', 'confidence': 0.8}"
REQ_H150_576,"expand this list into a detailed breakdown, including part references, failure assumptions, and cost...","expand this list into a detailed breakdown, including part references, failure assumptions, and cost drivers.  A corresponding spares inventory shall be defined, including shelf life and storage constraints, in alignment with the Reliability-Centered Maintenance (RCM) Plan.",General,Low,Draft,H150 - Spare Parts,Inspection,To be defined,[],"{'extracted_from': 'H150', 'extraction_method': 'pattern_matching', 'confidence': 0.8}"
REQ_H150_577,"maintain and provide an up-to-date internal inventory of all components, equipment, and services del...","maintain and provide an up-to-date internal inventory of all components, equipment, and services delivered as part of the plant.  This inventory must include detailed information on internal applications, devices, network interfaces, and communication protocols used within the plant.  The internal inventory should be updated and shared with the client whenever any changes or updates occur in the plant.",Interface,Medium,Draft,H150 - Spare Parts,Inspection,To be defined,[],"{'extracted_from': 'H150', 'extraction_method': 'pattern_matching', 'confidence': 0.8}"
REQ_H150_578,provide a detailed list of all recommended maintenance and capital spare parts required to support t...,provide a detailed list of all recommended maintenance and capital spare parts required to support the first () years of operation. This list shall include:,Interface,Low,Draft,H150 - Spare Parts,Inspection,To be defined,[],"{'extracted_from': 'H150', 'extraction_method': 'pattern_matching', 'confidence': 0.8}"
REQ_H150_579,"pay particular attention to operationally critical components—such as turbines, cold compressors, an...","pay particular attention to operationally critical components—such as turbines, cold compressors, and warm compressors—with long procurement lead times.  These shall be exhaustively identified and justified within the spare parts strategy.",Performance,High,Draft,H150 - Spare Parts,Inspection,To be defined,[],"{'extracted_from': 'H150', 'extraction_method': 'pattern_matching', 'confidence': 0.8}"
REQ_H150_580,provide a top-level list of all Components that meet either of the following criteria:,provide a top-level list of all Components that meet either of the following criteria:,General,Low,Draft,H150 - Spare Parts,Inspection,To be defined,[],"{'extracted_from': 'H150', 'extraction_method': 'pattern_matching', 'confidence': 0.8}"
REQ_H150_581,focus on cost-relevant or operationally critical items and need not include minor components where i...,focus on cost-relevant or operationally critical items and need not include minor components where individual replacement costs or impacts are negligible.,Functional,High,Draft,H150 - Spare Parts,Inspection,To be defined,[],"{'extracted_from': 'H150', 'extraction_method': 'pattern_matching', 'confidence': 0.8}"
REQ_H150_582,"include detailed information on internal applications, devices, network interfaces, and communicatio...","include detailed information on internal applications, devices, network interfaces, and communication protocols used within the plant.  The internal inventory should be updated and shared with the client whenever any changes or updates occur in the plant.",Interface,Medium,Draft,H150 - Spare Parts,Inspection,To be defined,[],"{'extracted_from': 'H150', 'extraction_method': 'pattern_matching', 'confidence': 0.8}"
REQ_H153_583,"provide after-sales services for the full lifetime of the QPLANT.  These services shall include, as ...","provide after-sales services for the full lifetime of the QPLANT.  These services shall include, as a minimum:",Performance,Low,Draft,H153 - Lifetime After-sales Services (applicable when Option 3 is exercised),Inspection,To be defined,[],"{'extracted_from': 'H153', 'extraction_method': 'pattern_matching', 'confidence': 0.8}"
REQ_H153_584,acknowledge each defect notification within twenty-four (24) hours.,acknowledge each defect notification within twenty-four (24) hours.,General,Low,Draft,H153 - Lifetime After-sales Services (applicable when Option 3 is exercised),Inspection,To be defined,[],"{'extracted_from': 'H153', 'extraction_method': 'pattern_matching', 'confidence': 0.8}"
REQ_H153_585,be remunerated at prices not exceeding those listed under § 3.8.1.11 “Spare Parts Supply.”,be remunerated at prices not exceeding those listed under § 3.8.1.11 “Spare Parts Supply.”,General,Low,Draft,H153 - Lifetime After-sales Services (applicable when Option 3 is exercised),Inspection,To be defined,[],"{'extracted_from': 'H153', 'extraction_method': 'pattern_matching', 'confidence': 0.8}"
REQ_H154_586,follow standardized formats for clear identification and lifecycle management.,follow standardized formats for clear identification and lifecycle management.,General,Low,Draft,H154 - Documentation,Inspection,To be defined,[],"{'extracted_from': 'H154', 'extraction_method': 'pattern_matching', 'confidence': 0.8}"
REQ_H154_587,provide the necessary technical data and design datasheets of critical components such as heat excha...,"provide the necessary technical data and design datasheets of critical components such as heat exchangers, piping, rotating machines, and valve information with sufficient detail to allow SCK CEN to model the complete cryogenic system including the cryogenic plant in simulations.",General,High,Draft,H154 - Documentation,Inspection,To be defined,[],"{'extracted_from': 'H154', 'extraction_method': 'pattern_matching', 'confidence': 0.8}"
REQ_H154_588,"deliver a maintenance manual and lifecycle strategy documentation, including but not limited to:","deliver a maintenance manual and lifecycle strategy documentation, including but not limited to:",General,Low,Draft,H154 - Documentation,Inspection,To be defined,[],"{'extracted_from': 'H154', 'extraction_method': 'pattern_matching', 'confidence': 0.8}"
REQ_H154_589,be subject to approval by SCK CEN.,be subject to approval by SCK CEN.,General,Low,Draft,H154 - Documentation,Inspection,To be defined,[],"{'extracted_from': 'H154', 'extraction_method': 'pattern_matching', 'confidence': 0.8}"
REQ_H155_590,provide the detailed maintenance plan for all the QPLANT main components to meet the reliability req...,provide the detailed maintenance plan for all the QPLANT main components to meet the reliability requirements.,General,Low,Draft,H155 - Reliability Centred Maintenance & Lifecycle Cost Management,Inspection,To be defined,[],"{'extracted_from': 'H155', 'extraction_method': 'pattern_matching', 'confidence': 0.8}"
REQ_H155_591,provide the detailed maintenance plan for all the QPLANT main components to meet the reliability req...,provide the detailed maintenance plan for all the QPLANT main components to meet the reliability requirements.,General,Low,Draft,H155 - Reliability Centred Maintenance & Lifecycle Cost Management,Inspection,To be defined,[],"{'extracted_from': 'H155', 'extraction_method': 'pattern_matching', 'confidence': 0.8}"
REQ_H155_592,deliver a preventive Functional Test Plan as part of the maintenance plan.,deliver a preventive Functional Test Plan as part of the maintenance plan.,Functional,Low,Draft,H155 - Reliability Centred Maintenance & Lifecycle Cost Management,Testing,To be defined,[],"{'extracted_from': 'H155', 'extraction_method': 'pattern_matching', 'confidence': 0.8}"
REQ_H155_593,provide the detailed maintenance plan for all the QPLANT main components to meet the reliability req...,"provide the detailed maintenance plan for all the QPLANT main components to meet the reliability requirements.  The Contractor shall also deliver a Reliability-Centered Maintenance (RCM) Plan, defining failure modes, MTBF, inspection/replacement intervals, and spares recommendations for each system component.  Specific strategies including but not limited to:",General,Low,Draft,H155 - Reliability Centred Maintenance & Lifecycle Cost Management,Review,To be defined,[],"{'extracted_from': 'H155', 'extraction_method': 'pattern_matching', 'confidence': 0.8}"
REQ_H155_594,implement a Lifecycle Cost Management (LCM) strategy in alignment with a fixed-price contractual fra...,implement a Lifecycle Cost Management (LCM) strategy in alignment with a fixed-price contractual framework.  The LCM shall support informed decision-making across the full system lifecycle.,General,Low,Draft,H155 - Reliability Centred Maintenance & Lifecycle Cost Management,Inspection,To be defined,[],"{'extracted_from': 'H155', 'extraction_method': 'pattern_matching', 'confidence': 0.8}"
REQ_H155_595,integrate the following cost domains as per ISO 15288:2023:,integrate the following cost domains as per ISO 15288:2023:,General,Low,Draft,H155 - Reliability Centred Maintenance & Lifecycle Cost Management,Inspection,To be defined,[],"{'extracted_from': 'H155', 'extraction_method': 'pattern_matching', 'confidence': 0.8}"
REQ_H155_596,"ensure compliance with ISO 15686-5 (Lifecycle Costing), IEC 60300-3-3 (Reliability-Centred Maintenan...","ensure compliance with ISO 15686-5 (Lifecycle Costing), IEC 60300-3-3 (Reliability-Centred Maintenance), and ISO 55000 (Asset Management) in the definition of the RCM and LCM strategy.",General,Low,Draft,H155 - Reliability Centred Maintenance & Lifecycle Cost Management,Inspection,To be defined,[],"{'extracted_from': 'H155', 'extraction_method': 'pattern_matching', 'confidence': 0.8}"
REQ_H155_597,"include, as part of their Offer, a brief dossier supporting the proposed RCM and LCM approach.  This...","include, as part of their Offer, a brief dossier supporting the proposed RCM and LCM approach.  This dossier shall include:",General,Low,Draft,H155 - Reliability Centred Maintenance & Lifecycle Cost Management,Inspection,To be defined,[],"{'extracted_from': 'H155', 'extraction_method': 'pattern_matching', 'confidence': 0.8}"
REQ_H155_598,state “included in lump sum – no separate charge.”,state “included in lump sum – no separate charge.”,General,Low,Draft,H155 - Reliability Centred Maintenance & Lifecycle Cost Management,Inspection,To be defined,[],"{'extracted_from': 'H155', 'extraction_method': 'pattern_matching', 'confidence': 0.8}"
REQ_H156_599,be routed to avoid cold burn or asphyxiation risks.,be routed to avoid cold burn or asphyxiation risks.,General,Low,Draft,"H156 - Safety, Codes and Standards",Inspection,To be defined,[],"{'extracted_from': 'H156', 'extraction_method': 'pattern_matching', 'confidence': 0.8}"
REQ_H156_600,bare the full cost and should preferentially use the SCK CEN nominated local representative unless l...,bare the full cost and should preferentially use the SCK CEN nominated local representative unless logistically not possible.,General,Medium,Draft,"H156 - Safety, Codes and Standards",Inspection,To be defined,[],"{'extracted_from': 'H156', 'extraction_method': 'pattern_matching', 'confidence': 0.8}"
REQ_H156_601,propose oxygen‑deficiency‑monitor (ODH) locations; final placement approved by SCK CEN.  The Contrac...,propose oxygen‑deficiency‑monitor (ODH) locations; final placement approved by SCK CEN.  The Contractor shall recommend and guide SCK CEN to define the location of the oxygen deficiency detectors in the QPLANT buildings.,General,Low,Draft,"H156 - Safety, Codes and Standards",Inspection,To be defined,[],"{'extracted_from': 'H156', 'extraction_method': 'pattern_matching', 'confidence': 0.8}"
REQ_H156_602,be provided for all inaccessible components and for components whose failure would jeopardise operat...,be provided for all inaccessible components and for components whose failure would jeopardise operation or safety.,Functional,Low,Draft,"H156 - Safety, Codes and Standards",Inspection,To be defined,[],"{'extracted_from': 'H156', 'extraction_method': 'pattern_matching', 'confidence': 0.8}"
REQ_H157_603,"be protected by safety devices in accordance with EN 17527 (supplemented, where applicable, by API 5...","be protected by safety devices in accordance with EN 17527 (supplemented, where applicable, by API 520/521/580 for warm service).  Any cold volume that can be isolated by valves, plus all insulation vacuum volumes, shall have dedicated safety devices.",Interface,Low,Draft,H157 - Safety,Inspection,To be defined,[],"{'extracted_from': 'H157', 'extraction_method': 'pattern_matching', 'confidence': 0.8}"
REQ_H157_604,be collected  where feasible or safely vented to the outside.,be collected  where feasible or safely vented to the outside.,General,Low,Draft,H157 - Safety,Inspection,To be defined,[],"{'extracted_from': 'H157', 'extraction_method': 'pattern_matching', 'confidence': 0.8}"
REQ_H160_605,be supplied by SCK CEN. SCK CEN retains responsibility for the certification and demonstration of SI...,be supplied by SCK CEN. SCK CEN retains responsibility for the certification and demonstration of SIL-2 compliance for the instrumentation forming part of the ODH safety function.,Functional,Low,Draft,H160 - Free-Issue Equipment (FIE),Inspection,To be defined,[],"{'extracted_from': 'H160', 'extraction_method': 'pattern_matching', 'confidence': 0.8}"
REQ_H162_606,"install, cable, configure, and commission the Free-Issue Equipment (ODH monitors), integrating them ...","install, cable, configure, and commission the Free-Issue Equipment (ODH monitors), integrating them into the QPLANT control and safety systems.",General,Low,Draft,H162 - Interface Clarification,Inspection,To be defined,[],"{'extracted_from': 'H162', 'extraction_method': 'pattern_matching', 'confidence': 0.8}"
REQ_H162_607,ensure the electrical signal from each sensor is split and redundantly routed:,ensure the electrical signal from each sensor is split and redundantly routed:,General,Low,Draft,H162 - Interface Clarification,Inspection,To be defined,[],"{'extracted_from': 'H162', 'extraction_method': 'pattern_matching', 'confidence': 0.8}"
REQ_H162_608,"implement the physical and logical integration of ODH signals into QPLANT:CIS, including alarm thres...","implement the physical and logical integration of ODH signals into QPLANT:CIS, including alarm thresholds, zoning logic, and mitigation responses.  Functional verification and end-to-end testing of all ODH alarm functions shall be demonstrated during QPLANT acceptance.",Interface,Low,Draft,H162 - Interface Clarification,Testing,To be defined,[],"{'extracted_from': 'H162', 'extraction_method': 'pattern_matching', 'confidence': 0.8}"
REQ_H162_609,install the owner-supplied ODH monitors at every access point and in each enclosed zone where a cred...,"install the owner-supplied ODH monitors at every access point and in each enclosed zone where a credible helium release could reduce ambient O₂ below 19.5 % (v/v) within 60 seconds under WCS leak conditions.  Sensor positioning, cabling, and functional tests fall under Contractor scope.",Functional,Low,Draft,H162 - Interface Clarification,Testing,To be defined,[],"{'extracted_from': 'H162', 'extraction_method': 'pattern_matching', 'confidence': 0.8}"
REQ_H162_610,provide all technical inputs required for SCK CEN to complete the final ODH configuration and SIL ju...,"provide all technical inputs required for SCK CEN to complete the final ODH configuration and SIL justification.  At minimum, this includes:",General,Low,Draft,H162 - Interface Clarification,Inspection,To be defined,[],"{'extracted_from': 'H162', 'extraction_method': 'pattern_matching', 'confidence': 0.8}"
REQ_H162_611,"explicitly state explicitly whether the ODH system status (e.g. alarm thresholds reached, zone evacu...","explicitly state explicitly whether the ODH system status (e.g. alarm thresholds reached, zone evacuation triggered) constitutes a functional input to QPLANT:CIS logic.  If applicable, the Offer shall describe the intended system behaviour, logic dependencies, and impact on cryogenic system operation (e.g., automatic warm-up, valve interlocks, or shutdowns).",Functional,Low,Draft,H162 - Interface Clarification,Inspection,To be defined,[],"{'extracted_from': 'H162', 'extraction_method': 'pattern_matching', 'confidence': 0.8}"
REQ_H162_612,retain overall responsibility for the ODH system's compliance with functional safety requirements.  ...,"retain overall responsibility for the ODH system's compliance with functional safety requirements.  The signals from all ODH sensors remain under SCK CEN ownership, and their duplication to QPLANT:CIS shall not alter or interrupt their role in the certified safety chain.",Functional,Low,Draft,H162 - Interface Clarification,Inspection,To be defined,[],"{'extracted_from': 'H162', 'extraction_method': 'pattern_matching', 'confidence': 0.8}"
REQ_H162_613,"not rely on the MIS, unless the interlock must be propagated to or relies on other systems.","not rely on the MIS, unless the interlock must be propagated to or relies on other systems.",General,Low,Draft,H162 - Interface Clarification,Inspection,To be defined,[],"{'extracted_from': 'H162', 'extraction_method': 'pattern_matching', 'confidence': 0.8}"
REQ_H162_614,ensure that the status of each interlock is monitorable through the MCS control interface.,ensure that the status of each interlock is monitorable through the MCS control interface.,Interface,Low,Draft,H162 - Interface Clarification,Inspection,To be defined,[],"{'extracted_from': 'H162', 'extraction_method': 'pattern_matching', 'confidence': 0.8}"
REQ_H162_615,be designed according to standards IEC 61508 (Functional Safety) or one of the sector-specific deriv...,"be designed according to standards IEC 61508 (Functional Safety) or one of the sector-specific derived standards (IEC 62061, IEC 61511) or alternative (e.g. ISO 13849-1).",Functional,Low,Draft,H162 - Interface Clarification,Inspection,To be defined,[],"{'extracted_from': 'H162', 'extraction_method': 'pattern_matching', 'confidence': 0.8}"
REQ_H162_616,not interfere with or compromise the SIL-2 certified safety loop.  The signal duplication is for pla...,not interfere with or compromise the SIL-2 certified safety loop.  The signal duplication is for plant alarm and interlock logic only.,General,Low,Draft,H162 - Interface Clarification,Inspection,To be defined,[],"{'extracted_from': 'H162', 'extraction_method': 'pattern_matching', 'confidence': 0.8}"
REQ_H162_617,be propagated to or relies on other systems.,be propagated to or relies on other systems.,General,Low,Draft,H162 - Interface Clarification,Inspection,To be defined,[],"{'extracted_from': 'H162', 'extraction_method': 'pattern_matching', 'confidence': 0.8}"
REQ_H163_618,"design and implement fail-safe, hard-wired interlock circuits (i.e. dedicated relay or safety-PLC lo...","design and implement fail-safe, hard-wired interlock circuits (i.e. dedicated relay or safety-PLC loops that remain fully functional in the event of a control-system failure) to prevent mechanical or thermal damage to the following critical equipment classes: compressors, turbines, pumps, and electrical heaters.",Functional,High,Draft,H163 - Hard-Wired Safety-Interlock Instrumentation,Inspection,To be defined,[],"{'extracted_from': 'H163', 'extraction_method': 'pattern_matching', 'confidence': 0.8}"
REQ_H163_619,"be wired “positive-logic” (open = abnormal/trip) so that any loss of signal, power, or cable integri...","be wired “positive-logic” (open = abnormal/trip) so that any loss of signal, power, or cable integrity forces the affected component to a safe state.",General,Low,Draft,H163 - Hard-Wired Safety-Interlock Instrumentation,Inspection,To be defined,[],"{'extracted_from': 'H163', 'extraction_method': 'pattern_matching', 'confidence': 0.8}"
REQ_H163_620,"determine the final list of equipment, set points, and reaction times","determine the final list of equipment, set points, and reaction times",Performance,Low,Draft,H163 - Hard-Wired Safety-Interlock Instrumentation,Inspection,To be defined,[],"{'extracted_from': 'H163', 'extraction_method': 'pattern_matching', 'confidence': 0.8}"
REQ_H163_621,be submitted with the Detailed Design file.,be submitted with the Detailed Design file.,General,Low,Draft,H163 - Hard-Wired Safety-Interlock Instrumentation,Inspection,To be defined,[],"{'extracted_from': 'H163', 'extraction_method': 'pattern_matching', 'confidence': 0.8}"
REQ_H164_622,requirement but does not exclude other directives from being applicable:,requirement but does not exclude other directives from being applicable:,General,Low,Draft,H164 - Codes and Standards,Inspection,To be defined,[],"{'extracted_from': 'H164', 'extraction_method': 'pattern_matching', 'confidence': 0.8}"
REQ_H164_623,provide an EU declaration of conformity for the QPLANT and CE mark all QPLANT components.  Therefore...,"provide an EU declaration of conformity for the QPLANT and CE mark all QPLANT components.  Therefore, the Contractor shall at least:",General,Low,Draft,H164 - Codes and Standards,Inspection,To be defined,[],"{'extracted_from': 'H164', 'extraction_method': 'pattern_matching', 'confidence': 0.8}"
REQ_H164_624,"identify the applicable standards (harmonized or non-harmonized), and technical specifications that ...","identify the applicable standards (harmonized or non-harmonized), and technical specifications that support compliance with the essential requirements outlined in the EU directive(s).",General,High,Draft,H164 - Codes and Standards,Inspection,To be defined,[],"{'extracted_from': 'H164', 'extraction_method': 'pattern_matching', 'confidence': 0.8}"
REQ_H164_625,"Submit the technical file, at the latest before shipment to SCK CEN of QPLANT parts, to demonstrate ...","Submit the technical file, at the latest before shipment to SCK CEN of QPLANT parts, to demonstrate conformity with the directive(s).  The technical file shall include:",General,Low,Draft,H164 - Codes and Standards,Testing,To be defined,[],"{'extracted_from': 'H164', 'extraction_method': 'pattern_matching', 'confidence': 0.8}"
REQ_H164_626,"submit specific detailed parts of the technical file, when requested by SCK CEN, to demonstrate conf...","submit specific detailed parts of the technical file, when requested by SCK CEN, to demonstrate conformity with the directive(s) in English.  The detailed parts of the technical file are:",General,Low,Draft,H164 - Codes and Standards,Inspection,To be defined,[],"{'extracted_from': 'H164', 'extraction_method': 'pattern_matching', 'confidence': 0.8}"
REQ_H165_627,"propose a solution, subject to approval by SCK CEN, to minimize the effects of electromagnetic inter...","propose a solution, subject to approval by SCK CEN, to minimize the effects of electromagnetic interference (EMI) as referenced in [AD 7].  The solution shall address shielding, cabling, signal routing, voltage level separation, and grounding strategy.",General,Low,Draft,H165 - Electromagnetic interference,Inspection,To be defined,[],"{'extracted_from': 'H165', 'extraction_method': 'pattern_matching', 'confidence': 0.8}"
REQ_H165_628,ensure that all instrumentation and control signals operate within their specified accuracy limits u...,ensure that all instrumentation and control signals operate within their specified accuracy limits under defined electromagnetic environments.,General,Low,Draft,H165 - Electromagnetic interference,Inspection,To be defined,[],"{'extracted_from': 'H165', 'extraction_method': 'pattern_matching', 'confidence': 0.8}"
REQ_H165_629,comply with the relevant sections of EN 61000-6-2 (Immunity for industrial environments) and EN 6100...,"comply with the relevant sections of EN 61000-6-2 (Immunity for industrial environments) and EN 61000-6-4 (Emission for industrial environments), or an equivalent standard approved by SCK CEN.",General,Low,Draft,H165 - Electromagnetic interference,Inspection,To be defined,[],"{'extracted_from': 'H165', 'extraction_method': 'pattern_matching', 'confidence': 0.8}"
REQ_H165_630,be performed by means of:,be performed by means of:,General,Low,Draft,H165 - Electromagnetic interference,Inspection,To be defined,[],"{'extracted_from': 'H165', 'extraction_method': 'pattern_matching', 'confidence': 0.8}"
REQ_H165_631,be fitted for input and output signals connections with the QPLANT:CIS.,be fitted for input and output signals connections with the QPLANT:CIS.,General,Low,Draft,H165 - Electromagnetic interference,Inspection,To be defined,[],"{'extracted_from': 'H165', 'extraction_method': 'pattern_matching', 'confidence': 0.8}"
REQ_H171_632,"provide to SCK CEN the applied codes, rules and standard for the design, manufacturing, and testing ...","provide to SCK CEN the applied codes, rules and standard for the design, manufacturing, and testing of the QPLANT.",General,Low,Draft,"H171 - Compliance with applicable standards (e.g., ISO 21014, API 521, or EN 13445, where relevant).",Testing,To be defined,[],"{'extracted_from': 'H171', 'extraction_method': 'pattern_matching', 'confidence': 0.8}"
REQ_H172_633,proceed in phases (6.1).  These phases represent the highest-level breakdown of work packages expect...,"proceed in phases (6.1).  These phases represent the highest-level breakdown of work packages expected for the project.  A phase will be considered as completed when all associated deliverables (Table 19) are approved by SCK CEN.  In their offer, the Applicant shall develop the phases according to its own expertise and experience and propose a detailed work schedule.  In doing so, the Applicant shall take into consideration the preliminary schedule in 6.2 by including the milestones and respecting the milestone dates provided in Table 24. The Applicant may add (to a reasonable extent) additional milestones as they think appropriate.",General,Low,Draft,H172 - Schedule,Inspection,To be defined,[],"{'extracted_from': 'H172', 'extraction_method': 'pattern_matching', 'confidence': 0.8}"
REQ_H173_634,"be approved by SCK  CEN), incoming inspections of supplies, installation of QPLANT, execution/ repor...","be approved by SCK  CEN), incoming inspections of supplies, installation of QPLANT, execution/ reporting of assembly tests, Non-Conformity handling and preparing/submitting the Installation File (Error! Reference source not found.) for review and approval by SCK CEN.",General,Low,Draft,H173 - Contractual Phases,Testing,To be defined,[],"{'extracted_from': 'H173', 'extraction_method': 'pattern_matching', 'confidence': 0.8}"
REQ_H173_635,develop the phase according to its own expertise and shall at least include the following activities...,develop the phase according to its own expertise and shall at least include the following activities:,General,Low,Draft,H173 - Contractual Phases,Inspection,To be defined,[],"{'extracted_from': 'H173', 'extraction_method': 'pattern_matching', 'confidence': 0.8}"
REQ_H175_636,be implemented:,be implemented:,General,Low,Draft,H175 - Hold and Witness Points,Inspection,To be defined,[],"{'extracted_from': 'H175', 'extraction_method': 'pattern_matching', 'confidence': 0.8}"
REQ_H175_637,always aim to give feedback to the Contractor concerning the HPs without undue delay.  The envisaged...,always aim to give feedback to the Contractor concerning the HPs without undue delay.  The envisaged lead time is 10 Business Days (to be determined considering SCK CEN’s and/or its collaboration partner’s days of closure),Performance,Low,Draft,H175 - Hold and Witness Points,Inspection,To be defined,[],"{'extracted_from': 'H175', 'extraction_method': 'pattern_matching', 'confidence': 0.8}"
REQ_H177_638,assign a member of its staff to be responsible for the follow-up of the Contract (further referred t...,"assign a member of its staff to be responsible for the follow-up of the Contract (further referred to as “Project Manager”).  The Project Manager shall be responsible for planning, organizing, monitoring, and controlling, and directing the performance of the Contract, to ensure that the Contract is accomplished on time, within budget, and compliant to the requirements laid down in the Contract.",Performance,Low,Draft,H177 - General Organization,Inspection,To be defined,[],"{'extracted_from': 'H177', 'extraction_method': 'pattern_matching', 'confidence': 0.8}"
REQ_H177_639,notify SCK CEN in writing in case a different Project Manager is appointed.  Replacement of the Proj...,"notify SCK CEN in writing in case a different Project Manager is appointed.  Replacement of the Project Manager is subject to prior written approval by SCK CEN.  In case of replacement, the substitute shall always have a level of education, skills, and experience equivalent to or better than the original resource proposed for this role.",General,Low,Draft,H177 - General Organization,Inspection,To be defined,[],"{'extracted_from': 'H177', 'extraction_method': 'pattern_matching', 'confidence': 0.8}"
REQ_H177_640,designate the Leading Officer for the Contract and inform the Contractor.  The Contractor shall be n...,designate the Leading Officer for the Contract and inform the Contractor.  The Contractor shall be notified of any change in writing.,General,Low,Draft,H177 - General Organization,Inspection,To be defined,[],"{'extracted_from': 'H177', 'extraction_method': 'pattern_matching', 'confidence': 0.8}"
REQ_H177_641,give effect thereto.  The Contractor shall grant the Representatives the same access rights (physica...,"give effect thereto.  The Contractor shall grant the Representatives the same access rights (physical access, document access, ...) as have been contractually instated for SCK CEN.",General,Low,Draft,H177 - General Organization,Inspection,To be defined,[],"{'extracted_from': 'H177', 'extraction_method': 'pattern_matching', 'confidence': 0.8}"
REQ_H177_642,"only be approved, respectively accepted, if and to the extent that SCK CEN has confirmed its approva...","only be approved, respectively accepted, if and to the extent that SCK CEN has confirmed its approval, respectively acceptance, of such step in writing.",General,Low,Draft,H177 - General Organization,Inspection,To be defined,[],"{'extracted_from': 'H177', 'extraction_method': 'pattern_matching', 'confidence': 0.8}"
REQ_H178_643,be in English.,be in English.,General,Low,Draft,H178 - Communication,Inspection,To be defined,[],"{'extracted_from': 'H178', 'extraction_method': 'pattern_matching', 'confidence': 0.8}"
REQ_H178_644,be deemed correctly communicated if exchanged in writing (e-mail suffices) between the two persons i...,be deemed correctly communicated if exchanged in writing (e-mail suffices) between the two persons in charge of the general organization of the Contract.,General,Low,Draft,H178 - Communication,Inspection,To be defined,[],"{'extracted_from': 'H178', 'extraction_method': 'pattern_matching', 'confidence': 0.8}"
REQ_H178_645,be adequately responded to within five Business Days.  If such request cannot be answered within thi...,"be adequately responded to within five Business Days.  If such request cannot be answered within this lead time, e.g. due to a technical question requiring additional time to be answered, the Contractor shall at least communicate (within this lead time) when SCK CEN will receive the answer.",Performance,Low,Draft,H178 - Communication,Inspection,To be defined,[],"{'extracted_from': 'H178', 'extraction_method': 'pattern_matching', 'confidence': 0.8}"
REQ_H178_646,promptly notify SCK CEN.,promptly notify SCK CEN.,General,Low,Draft,H178 - Communication,Inspection,To be defined,[],"{'extracted_from': 'H178', 'extraction_method': 'pattern_matching', 'confidence': 0.8}"
REQ_H180_647,implement a digital dashboard giving SCK CEN a snapshot up-to-date information on the status and pro...,"implement a digital dashboard giving SCK CEN a snapshot up-to-date information on the status and progress of the Contract.  The information shall be continuously (at least monthly) updated with the latest information.  The Contractor shall produce and submit monthly progress reports to SCK CEN at least three Business Days prior to the monthly progress meeting (0).  If comments or revisions arise during the progress meeting, the Contractor shall issue an updated version five business days after the meeting.  To this end, SCK CEN shall provide access for the Contractor to SCK CEN’s designated document management system.",General,Low,Draft,H180 - Progress Dashboard,Testing,To be defined,[],"{'extracted_from': 'H180', 'extraction_method': 'pattern_matching', 'confidence': 0.8}"
REQ_H180_648,"be communicated by SCK CEN to the Contractor.  Said indicators shall, as a minimum, include the foll...","be communicated by SCK CEN to the Contractor.  Said indicators shall, as a minimum, include the following:",General,Low,Draft,H180 - Progress Dashboard,Inspection,To be defined,[],"{'extracted_from': 'H180', 'extraction_method': 'pattern_matching', 'confidence': 0.8}"
REQ_H180_649,include a concise description of the dashboard as well as the underlying management processes.  This...,include a concise description of the dashboard as well as the underlying management processes.  This description must include sufficient detail to demonstrate compliance with the requirements.,General,Low,Draft,H180 - Progress Dashboard,Inspection,To be defined,[],"{'extracted_from': 'H180', 'extraction_method': 'pattern_matching', 'confidence': 0.8}"
REQ_H180_650,include sufficient detail to demonstrate compliance with the requirements.,include sufficient detail to demonstrate compliance with the requirements.,General,Low,Draft,H180 - Progress Dashboard,Inspection,To be defined,[],"{'extracted_from': 'H180', 'extraction_method': 'pattern_matching', 'confidence': 0.8}"
REQ_H181_651,ensure that all relevant information for these meeting is made available to SCK CEN at least three B...,"ensure that all relevant information for these meeting is made available to SCK CEN at least three Business Days in advance including, but not limited to, meeting agenda, reports, and presentations.  The Contractor shall draft the minutes of these meetings and submit them to SCK CEN for review and approval within 5 Business Days following the meeting.",General,Low,Draft,H181 - Meetings,Review,To be defined,[],"{'extracted_from': 'H181', 'extraction_method': 'pattern_matching', 'confidence': 0.8}"
REQ_H182_652,organize Progress meetings between the Contractor and SCK CEN at least monthly.,organize Progress meetings between the Contractor and SCK CEN at least monthly.,General,Low,Draft,H182 - Progress Meetings,Inspection,To be defined,[],"{'extracted_from': 'H182', 'extraction_method': 'pattern_matching', 'confidence': 0.8}"
REQ_H183_653,"be held at least for the following milestones, organized at the initiative of the Contractor:","be held at least for the following milestones, organized at the initiative of the Contractor:",General,Low,Draft,H183 - Milestone Meetings,Inspection,To be defined,[],"{'extracted_from': 'H183', 'extraction_method': 'pattern_matching', 'confidence': 0.8}"
REQ_H184_654,be held to define the technical baseline and identify any evolutions between reviews.,be held to define the technical baseline and identify any evolutions between reviews.,General,Low,Draft,H184 - Technical Review Meetings,Review,To be defined,[],"{'extracted_from': 'H184', 'extraction_method': 'pattern_matching', 'confidence': 0.8}"
REQ_H185_655,submit a preliminary Risk Assessment as part of their offer.  It shall contain all risks with a seve...,"submit a preliminary Risk Assessment as part of their offer.  It shall contain all risks with a severity that are bound to compromise the successful completion of the Contract either in terms of schedule, budget, or technical requirements, irrespective of probability.",General,Low,Draft,H185 - Risk Assessment and Risk Management Plan,Inspection,To be defined,[],"{'extracted_from': 'H185', 'extraction_method': 'pattern_matching', 'confidence': 0.8}"
REQ_H185_656,submit a preliminary Risk Management Plan as part of their offer.  It shall present a top-level view...,"submit a preliminary Risk Management Plan as part of their offer.  It shall present a top-level view of the mitigation strategy that the Applicant shall implement during contract execution, for all the risks that have been identified as unacceptable.",General,Low,Draft,H185 - Risk Assessment and Risk Management Plan,Inspection,To be defined,[],"{'extracted_from': 'H185', 'extraction_method': 'pattern_matching', 'confidence': 0.8}"
REQ_H185_657,"detail, complete, and continuously maintain the Risk Assessment and update the Risk Management Plan ...","detail, complete, and continuously maintain the Risk Assessment and update the Risk Management Plan accordingly.  The Contractor shall continuously monitor, identify, and document any new risks that might threaten the successful completion of the Contract in any way.  The Contractor shall duly implement the mitigation strategy in accordance with the Risk Management Plan.",General,Low,Draft,H185 - Risk Assessment and Risk Management Plan,Inspection,To be defined,[],"{'extracted_from': 'H185', 'extraction_method': 'pattern_matching', 'confidence': 0.8}"
REQ_H186_658,have access during normal working hours to (all) the location(s) where (part of) the Contract is bei...,have access during normal working hours to (all) the location(s) where (part of) the Contract is being performed (including Contractor’s and Subcontractors' premises).  The Contractor shall be notified of any site visit at least five Business Days in advance.  Any changes to the specified location(s) shall require prior written approval from SCK CEN.,General,Low,Draft,H186 - Factory Access,Inspection,To be defined,[],"{'extracted_from': 'H186', 'extraction_method': 'pattern_matching', 'confidence': 0.8}"
REQ_H189_659,ensure status identification of each deliverable and all its components throughout all stages of man...,"ensure status identification of each deliverable and all its components throughout all stages of manufacturing, assembly, packaging and transportation, installation, and commissioning to ensure that only items that have passed all required quality inspections and tests are used and/or supplied.  The Contractor shall ensure traceability to the required level in accordance with Good Industry Practices.",General,Low,Draft,H189 - General requirements,Testing,To be defined,[],"{'extracted_from': 'H189', 'extraction_method': 'pattern_matching', 'confidence': 0.8}"
REQ_H189_660,never entail (provisional) acceptance or a release of responsibility vis-à-vis the Contractor in any...,never entail (provisional) acceptance or a release of responsibility vis-à-vis the Contractor in any way.,General,Low,Draft,H189 - General requirements,Inspection,To be defined,[],"{'extracted_from': 'H189', 'extraction_method': 'pattern_matching', 'confidence': 0.8}"
REQ_H190_661,"ensure that the Subcontractor’s quality management system is in accordance with ISO 9001, certified ...","ensure that the Subcontractor’s quality management system is in accordance with ISO 9001, certified by a nationally accredited body and applicable to the scope of work defined in the Contract.",General,Low,Draft,H190 - Quality Management System,Inspection,To be defined,[],"{'extracted_from': 'H190', 'extraction_method': 'pattern_matching', 'confidence': 0.8}"
REQ_H190_662,inform SCK CEN of any change in certification during performance of the Contact.,inform SCK CEN of any change in certification during performance of the Contact.,Performance,Low,Draft,H190 - Quality Management System,Inspection,To be defined,[],"{'extracted_from': 'H190', 'extraction_method': 'pattern_matching', 'confidence': 0.8}"
REQ_H191_663,"submit a detailed Quality Assurance Program, QAP, for review and approval by SCK CEN demonstrating c...","submit a detailed Quality Assurance Program, QAP, for review and approval by SCK CEN demonstrating compliance with the requirements set out in the Contract.  The Contractor shall adhere to the QAP and shall apply the mandatory QA/QC measures to each deliverable.  In case a deviation is required from one or another condition set out in this Contract, such request shall be clearly stated in the QAP.",General,High,Draft,H191 - Quality Assurance Program,Review,To be defined,[],"{'extracted_from': 'H191', 'extraction_method': 'pattern_matching', 'confidence': 0.8}"
REQ_H191_664,include a preliminary version of this QAP.,include a preliminary version of this QAP.,General,Low,Draft,H191 - Quality Assurance Program,Inspection,To be defined,[],"{'extracted_from': 'H191', 'extraction_method': 'pattern_matching', 'confidence': 0.8}"
REQ_H191_665,respond appropriately to ensure that the Subcontractor complies with the QAP.,respond appropriately to ensure that the Subcontractor complies with the QAP.,General,Low,Draft,H191 - Quality Assurance Program,Inspection,To be defined,[],"{'extracted_from': 'H191', 'extraction_method': 'pattern_matching', 'confidence': 0.8}"
REQ_H192_666,ensure that all personnel involved in the performance of the Contract is qualified and well trained ...,ensure that all personnel involved in the performance of the Contract is qualified and well trained to deliver results complying with SCK CEN requirements and specifications.  Special training and qualifications are specifically required for personnel responsible for:,Performance,Low,Draft,H192 - Qualification of personnel,Inspection,To be defined,[],"{'extracted_from': 'H192', 'extraction_method': 'pattern_matching', 'confidence': 0.8}"
REQ_H192_667,keep records of personnel qualification and make them available to SCK CEN free of charge upon simpl...,keep records of personnel qualification and make them available to SCK CEN free of charge upon simple request.,General,Low,Draft,H192 - Qualification of personnel,Inspection,To be defined,[],"{'extracted_from': 'H192', 'extraction_method': 'pattern_matching', 'confidence': 0.8}"
REQ_H192_668,ensure that all personnel who have direct contact with SCK CEN can understand as well as express the...,"ensure that all personnel who have direct contact with SCK CEN can understand as well as express themselves fluently in English, both orally and in writing.",General,Low,Draft,H192 - Qualification of personnel,Inspection,To be defined,[],"{'extracted_from': 'H192', 'extraction_method': 'pattern_matching', 'confidence': 0.8}"
REQ_H193_669,Requirement [XXX].,Requirement [XXX].,General,Low,Draft,H193 - Document Retention and Submission Requirements,Inspection,To be defined,[],"{'extracted_from': 'H193', 'extraction_method': 'pattern_matching', 'confidence': 0.8}"
REQ_H193_670,"retain all documents created under the Contract for a minimum period of ten (10) years, or for the d...","retain all documents created under the Contract for a minimum period of ten (10) years, or for the duration required by applicable law, whichever is longer.",General,Low,Draft,H193 - Document Retention and Submission Requirements,Inspection,To be defined,[],"{'extracted_from': 'H193', 'extraction_method': 'pattern_matching', 'confidence': 0.8}"
REQ_H193_671,ensure that all documents submitted to SCK CEN:,ensure that all documents submitted to SCK CEN:,General,Low,Draft,H193 - Document Retention and Submission Requirements,Inspection,To be defined,[],"{'extracted_from': 'H193', 'extraction_method': 'pattern_matching', 'confidence': 0.8}"
REQ_H193_672,(If the Contractor’s standard toolchain or practices differ from SCK CEN’s platforms):,(If the Contractor’s standard toolchain or practices differ from SCK CEN’s platforms):,General,Low,Draft,H193 - Document Retention and Submission Requirements,Inspection,To be defined,[],"{'extracted_from': 'H193', 'extraction_method': 'pattern_matching', 'confidence': 0.8}"
REQ_H195_673,store and provide to SCK CEN all documentation received from the Original Equipment Manufacturer (OE...,store and provide to SCK CEN all documentation received from the Original Equipment Manufacturer (OEM) related to Commercial Off-The-Shelf (COTS) equipment and applicable use within the QPLANT,General,Low,Draft,H195 - Documentation from OEMs (COTS Equipment),Inspection,To be defined,[],"{'extracted_from': 'H195', 'extraction_method': 'pattern_matching', 'confidence': 0.8}"
REQ_H196_674,store and return the documentation to SCK CEN as received.  If the original documentation is in a la...,"store and return the documentation to SCK CEN as received.  If the original documentation is in a language other than English, the Contractor shall provide an accurate English translation alongside the original.",General,Low,Draft,H196 - OEM Documentation Provided by SCK CEN,Inspection,To be defined,[],"{'extracted_from': 'H196', 'extraction_method': 'pattern_matching', 'confidence': 0.8}"
REQ_H196_675,version-control the documents received from SCK CEN.  When an updated version of a document is recei...,"version-control the documents received from SCK CEN.  When an updated version of a document is received, the previous version shall be removed from circulation as soon as reasonably possible.",General,Low,Draft,H196 - OEM Documentation Provided by SCK CEN,Inspection,To be defined,[],"{'extracted_from': 'H196', 'extraction_method': 'pattern_matching', 'confidence': 0.8}"
REQ_H196_676,"be made accessible to the Contractor’s employees / Subcontractors only on a need-to-know basis, for ...","be made accessible to the Contractor’s employees / Subcontractors only on a need-to-know basis, for the purpose of the Contract, for a limited time, for as long as the documents are needed.",Performance,Low,Draft,H196 - OEM Documentation Provided by SCK CEN,Inspection,To be defined,[],"{'extracted_from': 'H196', 'extraction_method': 'pattern_matching', 'confidence': 0.8}"
REQ_H197_677,be analysed and documented (in a “Change Request”) by the Contractor and submitted for approval to S...,be analysed and documented (in a “Change Request”) by the Contractor and submitted for approval to SCK CEN.,General,Low,Draft,H197 - Change Management,Inspection,To be defined,[],"{'extracted_from': 'H197', 'extraction_method': 'pattern_matching', 'confidence': 0.8}"
REQ_H197_678,at least contain following information:,at least contain following information:,General,Low,Draft,H197 - Change Management,Inspection,To be defined,[],"{'extracted_from': 'H197', 'extraction_method': 'pattern_matching', 'confidence': 0.8}"
REQ_H197_679,include the Change Request template in annex to the QAP.,include the Change Request template in annex to the QAP.,General,Low,Draft,H197 - Change Management,Inspection,To be defined,[],"{'extracted_from': 'H197', 'extraction_method': 'pattern_matching', 'confidence': 0.8}"
REQ_H197_680,be implemented.,be implemented.,General,Low,Draft,H197 - Change Management,Inspection,To be defined,[],"{'extracted_from': 'H197', 'extraction_method': 'pattern_matching', 'confidence': 0.8}"
REQ_H197_681,"form the basis for a Variation Order.  In such event, the Change Request shall be considered as appr...","form the basis for a Variation Order.  In such event, the Change Request shall be considered as approved when the Variation Order is issued by SCK CEN.",General,Low,Draft,H197 - Change Management,Inspection,To be defined,[],"{'extracted_from': 'H197', 'extraction_method': 'pattern_matching', 'confidence': 0.8}"
REQ_H197_682,"create and maintain a Change Register, accessible to SCK CEN, in which all Change Requests shall be ...","create and maintain a Change Register, accessible to SCK CEN, in which all Change Requests shall be logged, including at least",General,Low,Draft,H197 - Change Management,Inspection,To be defined,[],"{'extracted_from': 'H197', 'extraction_method': 'pattern_matching', 'confidence': 0.8}"
REQ_H197_683,be treated as Non-Conformities.,be treated as Non-Conformities.,General,Low,Draft,H197 - Change Management,Inspection,To be defined,[],"{'extracted_from': 'H197', 'extraction_method': 'pattern_matching', 'confidence': 0.8}"
REQ_H198_684,have a process in place for managing Non-Conformities that arise during the performance of the Contr...,"have a process in place for managing Non-Conformities that arise during the performance of the Contract, including receiving and processing notifications of Non-Conformities from SCK CEN and/or third parties (such as its suppliers or Subcontractors).",Performance,Low,Draft,H198 - Non-Conformity Management,Inspection,To be defined,[],"{'extracted_from': 'H198', 'extraction_method': 'pattern_matching', 'confidence': 0.8}"
REQ_H198_685,"recall at its own risk and expense, the impacted supply.  Any steps of the Contract execution, which...","recall at its own risk and expense, the impacted supply.  Any steps of the Contract execution, which are (potentially) affected by the Non-Conformity, shall be put on hold.",General,Low,Draft,H198 - Non-Conformity Management,Inspection,To be defined,[],"{'extracted_from': 'H198', 'extraction_method': 'pattern_matching', 'confidence': 0.8}"
REQ_H198_686,notify SCK CEN in writing of any such Non-Conformities by means of a Non-Conformity Report (NCR).  A...,notify SCK CEN in writing of any such Non-Conformities by means of a Non-Conformity Report (NCR).  An NCR shall be submitted to SCK CEN as soon as reasonably possible after a Non-Conformity is identified.,General,Low,Draft,H198 - Non-Conformity Management,Inspection,To be defined,[],"{'extracted_from': 'H198', 'extraction_method': 'pattern_matching', 'confidence': 0.8}"
REQ_H198_687,cover at least the following aspects:,cover at least the following aspects:,General,Low,Draft,H198 - Non-Conformity Management,Inspection,To be defined,[],"{'extracted_from': 'H198', 'extraction_method': 'pattern_matching', 'confidence': 0.8}"
REQ_H198_688,include the NCR template in annex to the QAP.,include the NCR template in annex to the QAP.,General,Low,Draft,H198 - Non-Conformity Management,Inspection,To be defined,[],"{'extracted_from': 'H198', 'extraction_method': 'pattern_matching', 'confidence': 0.8}"
REQ_H198_689,be submitted to SCK CEN for approval.  SCK CEN shall be entitled to reject the solution(s) proposed ...,be submitted to SCK CEN for approval.  SCK CEN shall be entitled to reject the solution(s) proposed by the Contractor in case SCK CEN deems the solution not useable given the circumstances.,General,Low,Draft,H198 - Non-Conformity Management,Inspection,To be defined,[],"{'extracted_from': 'H198', 'extraction_method': 'pattern_matching', 'confidence': 0.8}"
REQ_H198_690,perform the necessary actions to correct the Non-Conformity (in accordance with the SCK CEN approved...,"perform the necessary actions to correct the Non-Conformity (in accordance with the SCK CEN approved NCR) at its own risk and expense.  Said necessary actions shall not only concern redoing (parts of) the manufacturing and/or its related processes (assembly, packaging, delivery, …) but shall also entail redoing all QA/QC activities associated therewith.  Next to that, if so, requested by SCK CEN, the Contractor shall moreover reimburse SCK CEN for the costs incurred by SCK CEN to have the FAT/SAT of the impacted items redone.",General,Low,Draft,H198 - Non-Conformity Management,Inspection,To be defined,[],"{'extracted_from': 'H198', 'extraction_method': 'pattern_matching', 'confidence': 0.8}"
REQ_H198_691,keep SCK CEN duly informed about the progress of the implementation of the actions identified in the...,"keep SCK CEN duly informed about the progress of the implementation of the actions identified in the NCR and, if applicable, shall provide a revised schedule identifying the time impact of the implementation of said actions; the Contractor shall minimize the consequences on the schedule in any case.",Performance,Low,Draft,H198 - Non-Conformity Management,Inspection,To be defined,[],"{'extracted_from': 'H198', 'extraction_method': 'pattern_matching', 'confidence': 0.8}"
REQ_H198_692,carry out a root cause analysis of the Non-Conformity.  Such an analysis shall:,carry out a root cause analysis of the Non-Conformity.  Such an analysis shall:,General,Low,Draft,H198 - Non-Conformity Management,Analysis,To be defined,[],"{'extracted_from': 'H198', 'extraction_method': 'pattern_matching', 'confidence': 0.8}"
REQ_H198_693,provide a regular status report describing the result of implementation according to the due dates i...,provide a regular status report describing the result of implementation according to the due dates in the action plan.,General,Low,Draft,H198 - Non-Conformity Management,Inspection,To be defined,[],"{'extracted_from': 'H198', 'extraction_method': 'pattern_matching', 'confidence': 0.8}"
REQ_H198_694,not give rise to any additional compensation for the Contractor.,not give rise to any additional compensation for the Contractor.,General,Low,Draft,H198 - Non-Conformity Management,Inspection,To be defined,[],"{'extracted_from': 'H198', 'extraction_method': 'pattern_matching', 'confidence': 0.8}"
REQ_H198_695,"be treated as Non-Conformities and duly documented, investigated, and resolved according to the stip...","be treated as Non-Conformities and duly documented, investigated, and resolved according to the stipulations under this clause.",General,Low,Draft,H198 - Non-Conformity Management,Inspection,To be defined,[],"{'extracted_from': 'H198', 'extraction_method': 'pattern_matching', 'confidence': 0.8}"
REQ_H198_696,"waive or reduce the Contractor’s responsibility, according to the relevant stipulations of the Contr...","waive or reduce the Contractor’s responsibility, according to the relevant stipulations of the Contract, to indemnify and hold SCK CEN harmless against all losses, damages, and costs (e.g. due to delay on the schedule) arising from such Non-Conformity.",General,Low,Draft,H198 - Non-Conformity Management,Inspection,To be defined,[],"{'extracted_from': 'H198', 'extraction_method': 'pattern_matching', 'confidence': 0.8}"
REQ_H199_697,"be entitled to carry out, or to have carried out by a third party on its behalf (procured at SCK CEN...","be entitled to carry out, or to have carried out by a third party on its behalf (procured at SCK CEN’s own cost), an audit of Contractor/its Subcontractor’s premises, equipment, procedures to assess the ability of Contractor/Subcontractor to comply with the requirements of this document and the Contract.  SCK CEN may request such audit when at least one of the following conditions is met:",General,Low,Draft,H199 - Audits,Inspection,To be defined,[],"{'extracted_from': 'H199', 'extraction_method': 'pattern_matching', 'confidence': 0.8}"
REQ_H199_698,inform the Contractor in advance of the audit and shall take all necessary steps not to unduly inter...,inform the Contractor in advance of the audit and shall take all necessary steps not to unduly interfere with the performance of Contractor’s business operations.  SCK CEN shall provide an audit report within two weeks of completing the audit.  The Contractor shall respond within two weeks with an action plan to address the identified Non-Conformities.,Performance,Low,Draft,H199 - Audits,Inspection,To be defined,[],"{'extracted_from': 'H199', 'extraction_method': 'pattern_matching', 'confidence': 0.8}"
REQ_H201_699,"be fully responsible for the quality of the deliverables, including the quality of all components, m...","be fully responsible for the quality of the deliverables, including the quality of all components, materials, and services procured by the Contractor.",General,Low,Draft,H201 - General requirements,Inspection,To be defined,[],"{'extracted_from': 'H201', 'extraction_method': 'pattern_matching', 'confidence': 0.8}"
REQ_H201_700,"ensure that the Contract is performed in accordance with all applicable regional, national, and inte...","ensure that the Contract is performed in accordance with all applicable regional, national, and international laws, regulations and industrial codes and standards and Good Industry Practices.",General,Low,Draft,H201 - General requirements,Inspection,To be defined,[],"{'extracted_from': 'H201', 'extraction_method': 'pattern_matching', 'confidence': 0.8}"
REQ_H201_701,include at least the qualification and validation requirements specified in this document.,include at least the qualification and validation requirements specified in this document.,General,Low,Draft,H201 - General requirements,Inspection,To be defined,[],"{'extracted_from': 'H201', 'extraction_method': 'pattern_matching', 'confidence': 0.8}"
REQ_H201_702,"ensure that all components, materials, equipment, and/or tools used at the performance of the Contra...","ensure that all components, materials, equipment, and/or tools used at the performance of the Contract are appropriately designed, constructed, installed, calibrated, and operated.  The Contractor shall develop, maintain, and comply with appropriate schedules for adjustment, cleaning, calibration, or any other required maintenance.  The Contractor shall maintain records of these activities and make them available to SCK CEN upon simple request and without any right for further compensation or payment.",Performance,Low,Draft,H201 - General requirements,Inspection,To be defined,[],"{'extracted_from': 'H201', 'extraction_method': 'pattern_matching', 'confidence': 0.8}"
REQ_H201_703,have the appropriate qualifications and shall be regularly calibrated to ensure appropriate accuracy...,have the appropriate qualifications and shall be regularly calibrated to ensure appropriate accuracy and precision for the measurement at hand.  SCK CEN reserves the right to request a measurement system analysis and/or proof of calibration in case of any doubt of appropriateness.,General,Low,Draft,H201 - General requirements,Analysis,To be defined,[],"{'extracted_from': 'H201', 'extraction_method': 'pattern_matching', 'confidence': 0.8}"
REQ_H201_704,provide all equipment necessary to perform and to evaluate the tests on site.  Additional test cryos...,"provide all equipment necessary to perform and to evaluate the tests on site.  Additional test cryostats, valves and instrumentation for acceptance tests shall be delivered by the Contractor.",General,Low,Draft,H201 - General requirements,Testing,To be defined,[],"{'extracted_from': 'H201', 'extraction_method': 'pattern_matching', 'confidence': 0.8}"
REQ_H201_705,describe special test facilities that will be used during the contract.,describe special test facilities that will be used during the contract.,General,Low,Draft,H201 - General requirements,Testing,To be defined,[],"{'extracted_from': 'H201', 'extraction_method': 'pattern_matching', 'confidence': 0.8}"
REQ_H201_706,"perform the quality control according to best practices, as generally recognized, as well as, as ass...","perform the quality control according to best practices, as generally recognized, as well as, as assessed based on his internal ability and prior experience.",General,Low,Draft,H201 - General requirements,Inspection,To be defined,[],"{'extracted_from': 'H201', 'extraction_method': 'pattern_matching', 'confidence': 0.8}"
REQ_H201_707,outline the quality control process that shall be implemented during Contract execution.,outline the quality control process that shall be implemented during Contract execution.,General,Low,Draft,H201 - General requirements,Inspection,To be defined,[],"{'extracted_from': 'H201', 'extraction_method': 'pattern_matching', 'confidence': 0.8}"
REQ_H202_708,prepare a Manufacturing and Inspection Plan (MIP) covering all tests and inspections from start of m...,"prepare a Manufacturing and Inspection Plan (MIP) covering all tests and inspections from start of manufacturing to provisional acceptance.  It shall, as a minimum, include test and inspection plans & procedures and (if on-site at SCK CEN) utilities necessary for executing the tests.  It shall indicate the Hold Points and Witness Points defined in the Contract as well as any other HP/WP defined by SCK CEN during execution of the Contract.",General,Low,Draft,H202 - Manufacturing and Inspection Plan,Testing,To be defined,[],"{'extracted_from': 'H202', 'extraction_method': 'pattern_matching', 'confidence': 0.8}"
REQ_H202_709,serve to verify that all tests and inspections are executed as planned and in compliance with the ag...,serve to verify that all tests and inspections are executed as planned and in compliance with the agreed HP/WP.,General,Low,Draft,H202 - Manufacturing and Inspection Plan,Testing,To be defined,[],"{'extracted_from': 'H202', 'extraction_method': 'pattern_matching', 'confidence': 0.8}"
REQ_H202_710,be provided as part of deliverable Error! Reference source not found..  The unalterable version shal...,be provided as part of deliverable Error! Reference source not found..  The unalterable version shall be provided as part of deliverable Error! Reference source not found..,General,Low,Draft,H202 - Manufacturing and Inspection Plan,Inspection,To be defined,[],"{'extracted_from': 'H202', 'extraction_method': 'pattern_matching', 'confidence': 0.8}"
REQ_H202_711,explain the approach to implementing the above MIP requirements.,explain the approach to implementing the above MIP requirements.,General,Low,Draft,H202 - Manufacturing and Inspection Plan,Inspection,To be defined,[],"{'extracted_from': 'H202', 'extraction_method': 'pattern_matching', 'confidence': 0.8}"
REQ_H203_712,submit to SCK CEN a Declaration of Conformity certifying that all the requirements have been met.  S...,submit to SCK CEN a Declaration of Conformity certifying that all the requirements have been met.  Such declaration shall include at least the following information:,General,Low,Draft,H203 - Declaration of conformity with all requirements,Inspection,To be defined,[],"{'extracted_from': 'H203', 'extraction_method': 'pattern_matching', 'confidence': 0.8}"
REQ_H203_713,be dated and signed by a duly authorized representative of the Contractor responsible for quality as...,be dated and signed by a duly authorized representative of the Contractor responsible for quality assurance as shown in the approved QAP.,General,Low,Draft,H203 - Declaration of conformity with all requirements,Inspection,To be defined,[],"{'extracted_from': 'H203', 'extraction_method': 'pattern_matching', 'confidence': 0.8}"
REQ_H205_714,be performed according to a duly reviewed and SCK CEN approved Acceptance Test Program (FAT/SAT).  T...,"be performed according to a duly reviewed and SCK CEN approved Acceptance Test Program (FAT/SAT).  The test program shall be prepared and submitted by the Contractor to SCK CEN for review and approval at least 3 months prior to the date scheduled for the tests, unless otherwise specified.",General,Low,Draft,H205 - General Requirements,Testing,To be defined,[],"{'extracted_from': 'H205', 'extraction_method': 'pattern_matching', 'confidence': 0.8}"
REQ_H205_715,"be documented, what the documents shall contain and to what organizations these documents shall be t...","be documented, what the documents shall contain and to what organizations these documents shall be transmitted.",General,Low,Draft,H205 - General Requirements,Inspection,To be defined,[],"{'extracted_from': 'H205', 'extraction_method': 'pattern_matching', 'confidence': 0.8}"
REQ_H205_716,"be documented in FAT/SAT reports, clearly documenting the results of each individual test and whethe...","be documented in FAT/SAT reports, clearly documenting the results of each individual test and whether the deliverable has passed or failed the acceptance test (incl. applicable Non-Conformity reports).",General,Low,Draft,H205 - General Requirements,Testing,To be defined,[],"{'extracted_from': 'H205', 'extraction_method': 'pattern_matching', 'confidence': 0.8}"
REQ_H205_717,"be in place; required consumables and utilities (e.g.: process gas, electricity, cooling water); qua...","be in place; required consumables and utilities (e.g.: process gas, electricity, cooling water); qualifications of the personnel to conduct the testing.",General,Low,Draft,H205 - General Requirements,Testing,To be defined,[],"{'extracted_from': 'H205', 'extraction_method': 'pattern_matching', 'confidence': 0.8}"
REQ_H205_718,be respected during the testing.,be respected during the testing.,General,Low,Draft,H205 - General Requirements,Testing,To be defined,[],"{'extracted_from': 'H205', 'extraction_method': 'pattern_matching', 'confidence': 0.8}"
REQ_H206_719,"consider, as a minimum, the requirements outlined in 3.8.1.","consider, as a minimum, the requirements outlined in 3.8.1.",General,Low,Draft,H206 - Factory Acceptance Test (FAT),Inspection,To be defined,[],"{'extracted_from': 'H206', 'extraction_method': 'pattern_matching', 'confidence': 0.8}"
REQ_H206_720,approve the results before transportation.,approve the results before transportation.,General,Low,Draft,H206 - Factory Acceptance Test (FAT),Inspection,To be defined,[],"{'extracted_from': 'H206', 'extraction_method': 'pattern_matching', 'confidence': 0.8}"
REQ_H207_721,"consider, as a minimum, the requirements outlined in Error! Reference source not found..","consider, as a minimum, the requirements outlined in Error! Reference source not found..",General,Low,Draft,H207 - Site Acceptance Tests,Inspection,To be defined,[],"{'extracted_from': 'H207', 'extraction_method': 'pattern_matching', 'confidence': 0.8}"
REQ_H207_722,have access to participate to the tests on site.,have access to participate to the tests on site.,General,Low,Draft,H207 - Site Acceptance Tests,Testing,To be defined,[],"{'extracted_from': 'H207', 'extraction_method': 'pattern_matching', 'confidence': 0.8}"
REQ_H207_723,be included in Error! Reference source not found..,be included in Error! Reference source not found..,General,Low,Draft,H207 - Site Acceptance Tests,Inspection,To be defined,[],"{'extracted_from': 'H207', 'extraction_method': 'pattern_matching', 'confidence': 0.8}"
REQ_H208_724,"be issued by SCK CEN for each deliverable (together with the required documentation), provided that ...","be issued by SCK CEN for each deliverable (together with the required documentation), provided that no shortcomings are identified during the provisional acceptance.",General,Low,Draft,H208 - Acceptance and Warranty,Inspection,To be defined,[],"{'extracted_from': 'H208', 'extraction_method': 'pattern_matching', 'confidence': 0.8}"
REQ_H208_725,be subject to:,be subject to:,General,Low,Draft,H208 - Acceptance and Warranty,Inspection,To be defined,[],"{'extracted_from': 'H208', 'extraction_method': 'pattern_matching', 'confidence': 0.8}"
REQ_H208_726,start on the day of the issuance by SCK CEN of the Provisional Acceptance Certificate for the durati...,start on the day of the issuance by SCK CEN of the Provisional Acceptance Certificate for the duration indicated in the applicant's offer.,General,Low,Draft,H208 - Acceptance and Warranty,Inspection,To be defined,[],"{'extracted_from': 'H208', 'extraction_method': 'pattern_matching', 'confidence': 0.8}"
REQ_H208_727,"at its own risk and expense remedy any outstanding issues, as well as any shortcomings and defects t...","at its own risk and expense remedy any outstanding issues, as well as any shortcomings and defects that were not visible during the acceptance tests.",General,Low,Draft,H208 - Acceptance and Warranty,Testing,To be defined,[],"{'extracted_from': 'H208', 'extraction_method': 'pattern_matching', 'confidence': 0.8}"
REQ_H208_728,"always need to be approved in advance by SCK CEN. SCK CEN reserves the right, at its sole discretion...","always need to be approved in advance by SCK CEN. SCK CEN reserves the right, at its sole discretion, to not allow for repair and to demand replacement of a defective item.",General,Low,Draft,H208 - Acceptance and Warranty,Inspection,To be defined,[],"{'extracted_from': 'H208', 'extraction_method': 'pattern_matching', 'confidence': 0.8}"
REQ_H208_729,"consider and comply with SCK CEN’s instructions relating to working hours, access, ..., without bein...","consider and comply with SCK CEN’s instructions relating to working hours, access, ..., without being entitled to any additional compensation.",General,Low,Draft,H208 - Acceptance and Warranty,Inspection,To be defined,[],"{'extracted_from': 'H208', 'extraction_method': 'pattern_matching', 'confidence': 0.8}"
REQ_H208_730,fall under the warranty obligation.,fall under the warranty obligation.,General,Low,Draft,H208 - Acceptance and Warranty,Inspection,To be defined,[],"{'extracted_from': 'H208', 'extraction_method': 'pattern_matching', 'confidence': 0.8}"
REQ_H208_731,execute repairs and/or replacements without undue delay at the Contractor’s risk and expense.  SCK C...,"execute repairs and/or replacements without undue delay at the Contractor’s risk and expense.  SCK CEN may request warranty service during non-normal working hours or for services excluded from the warranty coverage as defined herein, provided that SCK CEN shall pay the reasonable overtime premium portion of the non-normal hours worked or the normal service charge, respectively.",Performance,Low,Draft,H208 - Acceptance and Warranty,Inspection,To be defined,[],"{'extracted_from': 'H208', 'extraction_method': 'pattern_matching', 'confidence': 0.8}"
REQ_H208_732,"be warranted for at least one year after execution, or for the unexpired portion of the original war...","be warranted for at least one year after execution, or for the unexpired portion of the original warranty period of the deliverable, whichever is longest.  Notwithstanding the foregoing, the warranty period is suspended for the duration between formal notice by SCK CEN to the Contractor on the defect and resolving of said defect by the Contractor.",General,Low,Draft,H208 - Acceptance and Warranty,Inspection,To be defined,[],"{'extracted_from': 'H208', 'extraction_method': 'pattern_matching', 'confidence': 0.8}"
REQ_H208_733,"be automatically extended, without any right to compensation and/or remuneration for the Contractor,...","be automatically extended, without any right to compensation and/or remuneration for the Contractor, until final acceptance takes place.",General,Low,Draft,H208 - Acceptance and Warranty,Inspection,To be defined,[],"{'extracted_from': 'H208', 'extraction_method': 'pattern_matching', 'confidence': 0.8}"
REQ_H208_734,keep a register of all interventions that the Contractor performs during the warranty period which c...,"keep a register of all interventions that the Contractor performs during the warranty period which can be always consulted by SCK CEN.  If SCK CEN can demonstrate a trend of failure occurring during the warranty period, which is not attributable to any inappropriate use of the equipment, this will be considered as a deficiency and the Contractor shall be liable to replace at his own risk and expense the affected item",General,Low,Draft,H208 - Acceptance and Warranty,Inspection,To be defined,[],"{'extracted_from': 'H208', 'extraction_method': 'pattern_matching', 'confidence': 0.8}"
REQ_H208_735,"be entitled to full compensation for all damages incurred in view of these outstanding issues, short...","be entitled to full compensation for all damages incurred in view of these outstanding issues, shortcomings, and/or defects during the warranty period for which the Contractor is responsible.",General,Low,Draft,H208 - Acceptance and Warranty,Inspection,To be defined,[],"{'extracted_from': 'H208', 'extraction_method': 'pattern_matching', 'confidence': 0.8}"
REQ_H208_736,in no way constitute a restriction on the applicable Belgian statutory regulations on hidden defects...,in no way constitute a restriction on the applicable Belgian statutory regulations on hidden defects.,General,Low,Draft,H208 - Acceptance and Warranty,Inspection,To be defined,[],"{'extracted_from': 'H208', 'extraction_method': 'pattern_matching', 'confidence': 0.8}"
REQ_H213_737,be able to remove at least the cool-down power during this cool-down phase is given in Table 26 and ...,be able to remove at least the cool-down power during this cool-down phase is given in Table 26 and section 9.1.,General,Low,Draft,H213 - Cool-down to 4.5 K,Inspection,To be defined,[],"{'extracted_from': 'H213', 'extraction_method': 'pattern_matching', 'confidence': 0.8}"
REQ_H215_738,be achieved in less than 24 hours.,be achieved in less than 24 hours.,General,Low,Draft,H215 - Cooldown to 2 K,Inspection,To be defined,[],"{'extracted_from': 'H215', 'extraction_method': 'pattern_matching', 'confidence': 0.8}"
REQ_H219_739,provide specific user-side input data required for interface modelling.  The content and application...,provide specific user-side input data required for interface modelling.  The content and application of this data are detailed in the post-award documentation package and include:,Interface,Low,Draft,H219 - Annexes,Inspection,To be defined,[],"{'extracted_from': 'H219', 'extraction_method': 'pattern_matching', 'confidence': 0.8}"
